URL,Version,Status,OIDs,Name,Title,Description,Uses,Used,Sources
http://fhir.de/ValueSet/lebensphase-de,1.6.0,active,,ValueSetLebensphaseDe,LebensphaseDe ValueSet,"Dieses ValueSet enthält SNOMED-CT-Konzepte zur Angabe von Lebensphasen. Es dient der semantisch präzisen Beschreibung alters- und entwicklungsbezogener Kontexte.","StructureDefinition/mii-pr-mtb-diagnose-primaertumor","SCT"
http://hl7.org/fhir/ValueSet/action-cardinality-behavior,4.0.1,draft,"2.16.840.1.113883.4.642.3.807",ActionCardinalityBehavior,ActionCardinalityBehavior,"Defines behavior for an action or a group for how many times that item may be repeated.","StructureDefinition/mii-pr-mtb-therapieempfehlung-kombination","hl7.fhir.r4.core"
http://hl7.org/fhir/ValueSet/action-condition-kind,4.0.1,draft,"2.16.840.1.113883.4.642.3.815",ActionConditionKind,ActionConditionKind,"Defines the kinds of conditions that can appear on actions.","StructureDefinition/mii-pr-mtb-therapieempfehlung-kombination","hl7.fhir.r4.core"
http://hl7.org/fhir/ValueSet/action-grouping-behavior,4.0.1,draft,"2.16.840.1.113883.4.642.3.799",ActionGroupingBehavior,ActionGroupingBehavior,"Defines organization behavior of a group.","StructureDefinition/mii-pr-mtb-therapieempfehlung-kombination","hl7.fhir.r4.core"
http://hl7.org/fhir/ValueSet/action-precheck-behavior,4.0.1,draft,"2.16.840.1.113883.4.642.3.805",ActionPrecheckBehavior,ActionPrecheckBehavior,"Defines selection frequency behavior for an action or group.","StructureDefinition/mii-pr-mtb-therapieempfehlung-kombination","hl7.fhir.r4.core"
http://hl7.org/fhir/ValueSet/action-relationship-type,4.0.1,draft,"2.16.840.1.113883.4.642.3.813",ActionRelationshipType,ActionRelationshipType,"Defines the types of relationships between actions.","StructureDefinition/mii-pr-mtb-therapieempfehlung-kombination","hl7.fhir.r4.core"
http://hl7.org/fhir/ValueSet/action-required-behavior,4.0.1,draft,"2.16.840.1.113883.4.642.3.803",ActionRequiredBehavior,ActionRequiredBehavior,"Defines expectations around whether an action or action group is required.","StructureDefinition/mii-pr-mtb-therapieempfehlung-kombination","hl7.fhir.r4.core"
http://hl7.org/fhir/ValueSet/action-selection-behavior,4.0.1,draft,"2.16.840.1.113883.4.642.3.801",ActionSelectionBehavior,ActionSelectionBehavior,"Defines selection behavior of a group.","StructureDefinition/mii-pr-mtb-therapieempfehlung-kombination","hl7.fhir.r4.core"
http://hl7.org/fhir/ValueSet/action-type,4.0.1,draft,"2.16.840.1.113883.4.642.3.809",ActionType,ActionType,"The type of action to be performed.","StructureDefinition/mii-pr-mtb-therapieempfehlung-kombination","THO"
http://hl7.org/fhir/ValueSet/additional-instruction-codes,4.0.1,draft,"2.16.840.1.113883.4.642.3.95",SNOMEDCTAdditionalDosageInstructions,SNOMED CT Additional Dosage Instructions,"This value set includes all SNOMED CT Additional Dosage Instructions.","StructureDefinition/mii-pr-mtb-therapieempfehlung,StructureDefinition/mii-pr-mtb-systemtherapie-medication-statement","SCT"
http://hl7.org/fhir/ValueSet/adjudication,4.0.1,draft,"2.16.840.1.113883.4.642.3.596",AdjudicationValueCodes,Adjudication Value Codes,"This value set includes a smattering of Adjudication Value codes which includes codes to indicate the amounts eligible under the plan, the amount of benefit, copays etc.","StructureDefinition/mii-pr-mtb-antwort-kostenuebernahme","THO"
http://hl7.org/fhir/ValueSet/adjudication-error,4.0.1,draft,"2.16.840.1.113883.4.642.3.39",Adjudication Error Codes,AdjudicationError,"This value set includes a smattering of adjudication codes.","StructureDefinition/mii-pr-mtb-antwort-kostenuebernahme","THO"
http://hl7.org/fhir/ValueSet/adjudication-reason,4.0.1,draft,"2.16.840.1.113883.4.642.3.598",AdjudicationReasonCodes,Adjudication Reason Codes,"This value set includes smattering of Adjudication Reason codes.","StructureDefinition/mii-pr-mtb-antwort-kostenuebernahme","THO"
http://hl7.org/fhir/ValueSet/administration-method-codes,4.0.1,draft,"2.16.840.1.113883.4.642.3.97",SNOMEDCTAdministrationMethodCodes,SNOMED CT Administration Method Codes,"This value set includes some method codes from SNOMED CT - provided as an exemplar","StructureDefinition/mii-pr-mtb-therapieempfehlung,StructureDefinition/mii-pr-mtb-systemtherapie-medication-statement","SCT"
http://hl7.org/fhir/ValueSet/approach-site-codes,4.0.1,draft,"2.16.840.1.113883.4.642.3.346",SNOMEDCTAnatomicalStructureForAdministrationSiteCodes,SNOMED CT Anatomical Structure for Administration Site Codes,"This value set includes Anatomical Structure codes from SNOMED CT - provided as an exemplar.","StructureDefinition/mii-pr-mtb-therapieempfehlung,StructureDefinition/mii-pr-mtb-systemtherapie-medication-statement","SCT"
http://hl7.org/fhir/ValueSet/body-site,4.0.1,draft,"2.16.840.1.113883.4.642.3.141",SNOMEDCTBodyStructures,SNOMED CT Body Structures,"This value set includes all codes from [SNOMED CT](http://snomed.info/sct) where concept is-a 442083009 (Anatomical or acquired body site (body structure)).","StructureDefinition/mii-pr-mtb-hrd-score,StructureDefinition/mii-pr-mtb-consent-given,StructureDefinition/mii-pr-mtb-systemische-vortherapie,StructureDefinition/mii-pr-mtb-immunohistochemistry-phosphorylation,StructureDefinition/mii-pr-mtb-humangenetische-beratung-auftrag,StructureDefinition/mii-pr-mtb-mutationslast,StructureDefinition/mii-pr-mtb-tumorausbreitung,StructureDefinition/mii-pr-mtb-tumorzellgehalt,StructureDefinition/mii-pr-mtb-insituhybridization-her2,StructureDefinition/mii-pr-mtb-msi,StructureDefinition/mii-pr-mtb-genomic-study-analysis,StructureDefinition/mii-pr-mtb-studieneinschluss-anfrage,StructureDefinition/mii-pr-mtb-immunohistochemistry-mmr,StructureDefinition/mii-pr-mtb-who-grad-tumor-zns,StructureDefinition/mii-pr-mtb-insituhybridization,StructureDefinition/mii-pr-mtb-copy-number-variant,StructureDefinition/mii-pr-mtb-therapeutische-implikation,StructureDefinition/mii-pr-mtb-einfache-variante,StructureDefinition/mii-pr-mtb-molekularer-biomarker,StructureDefinition/mii-pr-mtb-response-befund,StructureDefinition/mii-pr-mtb-biopsie-auftrag,StructureDefinition/mii-pr-mtb-mikrosatelliteninstabilitaet,StructureDefinition/mii-pr-mtb-ploidie,StructureDefinition/mii-pr-mtb-rna-fusion,StructureDefinition/mii-pr-mtb-brcaness,StructureDefinition/mii-pr-mtb-diagnostische-implikation,StructureDefinition/mii-pr-mtb-rna-seq,StructureDefinition/mii-pr-mtb-dna-fusion,StructureDefinition/mii-pr-mtb-immunohistochemistry-pdl1,StructureDefinition/mii-pr-mtb-diagnose-primaertumor,StructureDefinition/mii-pr-mtb-oncotree,StructureDefinition/mii-pr-mtb-immunohistochemistry,StructureDefinition/mii-pr-mtb-immunohistochemistry-her2,StructureDefinition/mii-pr-mtb-systemische-therapie,StructureDefinition/mii-pr-mtb-histologie-evaluation-auftrag,StructureDefinition/mii-pr-mtb-genomic-study,StructureDefinition/mii-pr-mtb-biomarker-her2-status","SCT"
http://hl7.org/fhir/ValueSet/care-plan-activity-kind,4.0.1,draft,"2.16.840.1.113883.4.642.3.145",CarePlanActivityKind,Care Plan Activity Kind,"Resource types defined as part of FHIR that can be represented as in-line definitions of a care plan activity.","StructureDefinition/mii-pr-mtb-therapieplan","hl7.fhir.r4.core"
http://hl7.org/fhir/ValueSet/care-plan-activity-outcome,4.0.1,draft,"2.16.840.1.113883.4.642.3.149",CarePlanActivityOutcome,Care Plan Activity Outcome,"Example codes indicating the outcome of a care plan activity. Note that these are in no way complete and might not even be appropriate for some uses.","StructureDefinition/mii-pr-mtb-therapieplan","SCT"
http://hl7.org/fhir/ValueSet/care-plan-activity-status,4.0.1,draft,"2.16.840.1.113883.4.642.3.146",CarePlanActivityStatus,CarePlanActivityStatus,"Codes that reflect the current state of a care plan activity within its overall life cycle.","StructureDefinition/mii-pr-mtb-therapieplan","hl7.fhir.r4.core"
http://hl7.org/fhir/ValueSet/care-plan-category,4.0.1,draft,"2.16.840.1.113883.4.642.3.148",CarePlanCategory,Care Plan Category,"Example codes indicating the category a care plan falls within.  Note that these are in no way complete and might not even be appropriate for some uses.","StructureDefinition/mii-pr-mtb-therapieplan","SCT"
http://hl7.org/fhir/ValueSet/care-plan-intent,4.0.1,draft,"2.16.840.1.113883.4.642.3.150",CarePlanIntent,Care Plan Intent,"Codes indicating the degree of authority/intentionality associated with a care plan.","StructureDefinition/mii-pr-mtb-therapieplan","hl7.fhir.r4.core"
http://hl7.org/fhir/ValueSet/claim-careteamrole,4.0.1,draft,"2.16.840.1.113883.4.642.3.586",ClaimCareTeamRoleCodes,Claim Care Team Role Codes,"This value set includes sample Claim Care Team Role codes.","StructureDefinition/mii-pr-mtb-antrag-kostenuebernahme","THO"
http://hl7.org/fhir/ValueSet/claim-exception,4.0.1,draft,"2.16.840.1.113883.4.642.3.580",ExceptionCodes,Exception Codes,"This value set includes sample Exception codes.","StructureDefinition/mii-pr-mtb-antrag-kostenuebernahme","THO"
http://hl7.org/fhir/ValueSet/claim-informationcategory,4.0.1,draft,"2.16.840.1.113883.4.642.3.582",ClaimInformationCategoryCodes,Claim Information Category Codes,"This value set includes sample Information Category codes.","StructureDefinition/mii-pr-mtb-antrag-kostenuebernahme","THO"
http://hl7.org/fhir/ValueSet/claim-modifiers,4.0.1,draft,"2.16.840.1.113883.4.642.3.536",ModifierTypeCodes,Modifier type Codes,"This value set includes sample Modifier type codes.","StructureDefinition/mii-pr-mtb-antwort-kostenuebernahme,StructureDefinition/mii-pr-mtb-antrag-kostenuebernahme","THO"
http://hl7.org/fhir/ValueSet/claim-subtype,4.0.1,draft,"2.16.840.1.113883.4.642.3.566",ExampleClaimSubTypeCodes,Example Claim SubType Codes,"This value set includes sample Claim SubType codes which are used to distinguish the claim types for example within type institutional there may be subtypes for emergency services, bed stay and transportation.","StructureDefinition/mii-pr-mtb-antwort-kostenuebernahme,StructureDefinition/mii-pr-mtb-antrag-kostenuebernahme","THO"
http://hl7.org/fhir/ValueSet/claim-use,4.0.1,draft,"2.16.840.1.113883.4.642.3.544",Use,Use,"The purpose of the Claim: predetermination, preauthorization, claim.","StructureDefinition/mii-pr-mtb-antwort-kostenuebernahme,StructureDefinition/mii-pr-mtb-antrag-kostenuebernahme","hl7.fhir.r4.core"
http://hl7.org/fhir/ValueSet/clinical-findings,4.0.1,draft,"2.16.840.1.113883.4.642.3.232",SNOMEDCTClinicalFindings,SNOMED CT Clinical Findings,"This value set includes all the ""Clinical finding"" [SNOMED CT](http://snomed.info/sct) codes - concepts where concept is-a 404684003 (Clinical finding (finding)).","StructureDefinition/mii-pr-mtb-ngs-bericht,StructureDefinition/mii-pr-mtb-therapieplan,StructureDefinition/mii-pr-mtb-molecular-pathology-report","SCT"
http://hl7.org/fhir/ValueSet/clinicalimpression-prognosis,4.0.1,draft,"2.16.840.1.113883.4.642.3.160",ClinicalImpressionPrognosis,Clinical Impression Prognosis,"Example value set for clinical impression prognosis.","StructureDefinition/mii-pr-mtb-follow-up-clinicalimpression,StructureDefinition/mii-pr-mtb-behandlungsepisode","SCT"
http://hl7.org/fhir/ValueSet/clinicalimpression-status,4.0.1,draft,"2.16.840.1.113883.4.642.3.1046",ClinicalImpressionStatus,Clinical Impression Status,"Codes that reflect the current state of a clinical impression within its overall lifecycle.","StructureDefinition/mii-pr-mtb-follow-up-clinicalimpression,StructureDefinition/mii-pr-mtb-behandlungsepisode","hl7.fhir.r4.core"
http://hl7.org/fhir/ValueSet/common-tags,4.0.1,draft,"2.16.840.1.113883.4.642.3.79",CommonTags,Common Tags,"Common Tag Codes defined by FHIR project","StructureDefinition/mii-pr-mtb-follow-up-clinicalimpression,StructureDefinition/mii-pr-mtb-consent-given,StructureDefinition/mii-pr-mtb-therapieempfehlung-kombination,StructureDefinition/mii-pr-mtb-systemische-vortherapie,StructureDefinition/mii-pr-mtb-studie,StructureDefinition/mii-pr-mtb-humangenetische-beratung-auftrag,StructureDefinition/mii-pr-mtb-tumorausbreitung,StructureDefinition/mii-pr-mtb-insituhybridization-her2,StructureDefinition/mii-pr-mtb-systemtherapie-medication-statement,StructureDefinition/mii-pr-mtb-genomic-study-analysis,StructureDefinition/mii-pr-mtb-studieneinschluss-anfrage,StructureDefinition/mii-pr-mtb-who-grad-tumor-zns,StructureDefinition/mii-pr-mtb-insituhybridization,StructureDefinition/mii-pr-mtb-einfache-variante,StructureDefinition/mii-pr-mtb-response-befund,StructureDefinition/mii-pr-mtb-therapieplan,StructureDefinition/mii-pr-mtb-mikrosatelliteninstabilitaet,StructureDefinition/mii-pr-mtb-antwort-kostenuebernahme,StructureDefinition/mii-pr-mtb-rna-fusion,StructureDefinition/mii-pr-mtb-diagnostische-implikation,StructureDefinition/mii-pr-mtb-rna-seq,StructureDefinition/mii-pr-mtb-oncotree,StructureDefinition/mii-pr-mtb-therapieempfehlung,StructureDefinition/genomic-study-device,StructureDefinition/mii-pr-mtb-histologie-evaluation-auftrag,StructureDefinition/mii-pr-mtb-ngs-bericht,StructureDefinition/mii-pr-mtb-hrd-score,StructureDefinition/mii-pr-mtb-immunohistochemistry-phosphorylation,StructureDefinition/mii-pr-mtb-mutationslast,StructureDefinition/mii-pr-mtb-tumorzellgehalt,StructureDefinition/mii-pr-mtb-behandlungsepisode,StructureDefinition/mii-pr-mtb-msi,StructureDefinition/mii-pr-mtb-immunohistochemistry-mmr,StructureDefinition/mii-pr-mtb-copy-number-variant,StructureDefinition/mii-pr-mtb-therapeutische-implikation,StructureDefinition/mii-pr-mtb-molekularer-biomarker,StructureDefinition/mii-pr-mtb-biopsie-auftrag,StructureDefinition/mii-pr-mtb-ploidie,StructureDefinition/mii-pr-mtb-brcaness,StructureDefinition/mii-pr-mtb-dna-fusion,StructureDefinition/mii-pr-mtb-immunohistochemistry-pdl1,StructureDefinition/mii-pr-mtb-diagnose-primaertumor,StructureDefinition/mii-pr-mtb-antrag-kostenuebernahme,StructureDefinition/mii-pr-mtb-immunohistochemistry,StructureDefinition/mii-pr-mtb-immunohistochemistry-her2,StructureDefinition/mii-pr-mtb-molecular-pathology-report,StructureDefinition/mii-pr-mtb-systemische-therapie,StructureDefinition/mii-pr-mtb-genomic-study,StructureDefinition/mii-pr-mtb-biomarker-her2-status","THO"
http://hl7.org/fhir/ValueSet/condition-category,4.0.1,draft,"2.16.840.1.113883.4.642.3.162",ConditionCategoryCodes,Condition Category Codes,"Preferred value set for Condition Categories.","StructureDefinition/mii-pr-mtb-diagnose-primaertumor","THO"
http://hl7.org/fhir/ValueSet/condition-clinical,4.0.1,draft,"2.16.840.1.113883.4.642.3.164",ConditionClinicalStatusCodes,Condition Clinical Status Codes,"Preferred value set for Condition Clinical Status.","StructureDefinition/mii-pr-mtb-diagnose-primaertumor","THO"
http://hl7.org/fhir/ValueSet/condition-code,4.0.1,draft,"2.16.840.1.113883.4.642.3.161",Condition/Problem/DiagnosisCodes,Condition/Problem/Diagnosis Codes,"Example value set for Condition/Problem/Diagnosis codes.","StructureDefinition/mii-pr-mtb-therapieempfehlung,StructureDefinition/mii-pr-mtb-follow-up-clinicalimpression,StructureDefinition/mii-pr-mtb-behandlungsepisode,StructureDefinition/mii-pr-mtb-systemtherapie-medication-statement,StructureDefinition/mii-pr-mtb-genomic-study-analysis,StructureDefinition/mii-pr-mtb-systemische-vortherapie,StructureDefinition/mii-pr-mtb-studie,StructureDefinition/mii-pr-mtb-systemische-therapie,StructureDefinition/mii-pr-mtb-genomic-study,StructureDefinition/mii-pr-mtb-diagnose-primaertumor","SCT"
http://hl7.org/fhir/ValueSet/condition-predecessor,4.0.1,draft,"2.16.840.1.113883.4.642.3.966",ConditionPredecessorCodes,Condition Predecessor Codes,"Example value set for condition predecessor codes.","StructureDefinition/mii-pr-mtb-diagnose-primaertumor","SCT"
http://hl7.org/fhir/ValueSet/condition-severity,4.0.1,draft,"2.16.840.1.113883.4.642.3.168",Condition/DiagnosisSeverity,Condition/Diagnosis Severity,"Preferred value set for Condition/Diagnosis severity grading.","StructureDefinition/mii-pr-mtb-diagnose-primaertumor","SCT"
http://hl7.org/fhir/ValueSet/condition-stage,4.0.1,draft,"2.16.840.1.113883.4.642.3.170",ConditionStage,Condition Stage,"Example value set for stages of cancer and other conditions.","StructureDefinition/mii-pr-mtb-diagnose-primaertumor","SCT"
http://hl7.org/fhir/ValueSet/condition-stage-type,4.0.1,draft,"2.16.840.1.113883.4.642.3.171",ConditionStageType,Condition Stage Type,"Example value set for the type of stages of cancer and other conditions","StructureDefinition/mii-pr-mtb-diagnose-primaertumor","SCT"
http://hl7.org/fhir/ValueSet/condition-ver-status,4.0.1,draft,"2.16.840.1.113883.4.642.3.166",ConditionVerificationStatus,ConditionVerificationStatus,"The verification status to support or decline the clinical status of the condition or diagnosis.","StructureDefinition/mii-pr-mtb-diagnose-primaertumor","THO"
http://hl7.org/fhir/ValueSet/data-absent-reason,4.0.1,active,"2.16.840.1.113883.4.642.3.5",DataAbsentReason,DataAbsentReason,"Used to specify why the normally expected content of the data element is missing.","StructureDefinition/mii-pr-mtb-hrd-score,StructureDefinition/mii-pr-mtb-consent-given,StructureDefinition/mii-pr-mtb-immunohistochemistry-phosphorylation,StructureDefinition/mii-pr-mtb-mutationslast,StructureDefinition/mii-pr-mtb-tumorausbreitung,StructureDefinition/mii-pr-mtb-tumorzellgehalt,StructureDefinition/mii-pr-mtb-insituhybridization-her2,StructureDefinition/mii-pr-mtb-msi,StructureDefinition/mii-pr-mtb-immunohistochemistry-mmr,StructureDefinition/mii-pr-mtb-who-grad-tumor-zns,StructureDefinition/mii-pr-mtb-insituhybridization,StructureDefinition/mii-pr-mtb-copy-number-variant,StructureDefinition/mii-pr-mtb-therapeutische-implikation,StructureDefinition/mii-pr-mtb-einfache-variante,StructureDefinition/mii-pr-mtb-molekularer-biomarker,StructureDefinition/mii-pr-mtb-response-befund,StructureDefinition/mii-pr-mtb-mikrosatelliteninstabilitaet,StructureDefinition/mii-pr-mtb-ploidie,StructureDefinition/mii-pr-mtb-rna-fusion,StructureDefinition/mii-pr-mtb-brcaness,StructureDefinition/mii-pr-mtb-diagnostische-implikation,StructureDefinition/mii-pr-mtb-rna-seq,StructureDefinition/mii-pr-mtb-dna-fusion,StructureDefinition/mii-pr-mtb-immunohistochemistry-pdl1,StructureDefinition/mii-pr-mtb-oncotree,StructureDefinition/mii-pr-mtb-immunohistochemistry,StructureDefinition/mii-pr-mtb-immunohistochemistry-her2,StructureDefinition/mii-pr-mtb-biomarker-her2-status","THO"
http://hl7.org/fhir/ValueSet/days-of-week,4.0.1,active,"2.16.840.1.113883.4.642.3.512",DaysOfWeek,DaysOfWeek,"The days of the week.","StructureDefinition/mii-pr-mtb-therapieempfehlung,StructureDefinition/mii-pr-mtb-systemtherapie-medication-statement","hl7.fhir.r4.core"
http://hl7.org/fhir/ValueSet/device-action,4.0.1,draft,"2.16.840.1.113883.4.642.3.425",ProcedureDeviceActionCodes,Procedure Device Action Codes,"Example codes indicating the change that happened to the device during the procedure.  Note that these are in no way complete and might not even be appropriate for some uses.","StructureDefinition/mii-pr-mtb-genomic-study-analysis,StructureDefinition/mii-pr-mtb-systemische-vortherapie,StructureDefinition/mii-pr-mtb-systemische-therapie,StructureDefinition/mii-pr-mtb-genomic-study","SCT"
http://hl7.org/fhir/ValueSet/device-kind,4.0.1,draft,"2.16.840.1.113883.4.642.3.208",FHIRDeviceTypes,FHIR Device Types,"Codes used to identify medical devices. Includes concepts from SNOMED CT (http://www.snomed.org/) where concept is-a 49062001 (Device)  and is provided as a suggestive example.","StructureDefinition/mii-pr-mtb-genomic-study-analysis,StructureDefinition/mii-pr-mtb-genomic-study","SCT"
http://hl7.org/fhir/ValueSet/device-nametype,4.0.1,draft,"2.16.840.1.113883.4.642.3.1083",DeviceNameType,DeviceNameType,"The type of name the device is referred by.","StructureDefinition/genomic-study-device","hl7.fhir.r4.core"
http://hl7.org/fhir/ValueSet/device-status,4.0.1,draft,"2.16.840.1.113883.4.642.3.209",FHIRDeviceStatus,FHIRDeviceStatus,"The availability status of the device.","StructureDefinition/genomic-study-device","hl7.fhir.r4.core"
http://hl7.org/fhir/ValueSet/device-status-reason,4.0.1,draft,"2.16.840.1.113883.4.642.3.1081",FHIRDeviceStatusReason,FHIRDeviceStatusReason,"The availability status reason of the device.","StructureDefinition/genomic-study-device","THO"
http://hl7.org/fhir/ValueSet/device-type,4.0.1,draft,"2.16.840.1.113883.4.642.3.1376",DeviceType,Device Type,"Codes used to identify medical devices. Includes concepts from SNOMED CT (http://www.snomed.org/) where concept is-a 49062001 (Device)  and is provided as a suggestive example.","StructureDefinition/genomic-study-device","SCT"
http://hl7.org/fhir/ValueSet/diagnostic-report-status,4.0.1,draft,"2.16.840.1.113883.4.642.3.235",DiagnosticReportStatus,DiagnosticReportStatus,"The status of the diagnostic report.","StructureDefinition/mii-pr-mtb-ngs-bericht,StructureDefinition/mii-pr-mtb-molecular-pathology-report","hl7.fhir.r4.core"
http://hl7.org/fhir/ValueSet/diagnostic-service-sections,4.0.1,draft,"2.16.840.1.113883.4.642.3.234",DiagnosticServiceSectionCodes,Diagnostic Service Section Codes,"This value set includes all the codes in HL7 V2 table 0074.","StructureDefinition/mii-pr-mtb-ngs-bericht,StructureDefinition/mii-pr-mtb-molecular-pathology-report","THO (V2)"
http://hl7.org/fhir/ValueSet/dose-rate-type,4.0.1,draft,"2.16.840.1.113883.4.642.3.981",DoseAndRateType,DoseAndRateType,"The kind of dose or rate specified.","StructureDefinition/mii-pr-mtb-therapieempfehlung,StructureDefinition/mii-pr-mtb-systemtherapie-medication-statement","THO"
http://hl7.org/fhir/ValueSet/event-status,4.0.1,draft,"2.16.840.1.113883.4.642.3.109",EventStatus,EventStatus,"Codes identifying the lifecycle stage of an event.","StructureDefinition/mii-pr-mtb-genomic-study-analysis,StructureDefinition/mii-pr-mtb-systemische-vortherapie,StructureDefinition/mii-pr-mtb-genomic-study","hl7.fhir.r4.core"
http://hl7.org/fhir/ValueSet/event-timing,4.0.1,active,"2.16.840.1.113883.4.642.3.75",EventTiming,EventTiming,"Real world event relating to the schedule.","StructureDefinition/mii-pr-mtb-therapieempfehlung,StructureDefinition/mii-pr-mtb-systemtherapie-medication-statement","THO (V3),hl7.fhir.r4.core"
http://hl7.org/fhir/ValueSet/ex-benefitcategory,4.0.1,draft,"2.16.840.1.113883.4.642.3.1174",BenefitCategoryCodes,Benefit Category Codes,"This value set includes examples of Benefit Category codes.","StructureDefinition/mii-pr-mtb-antrag-kostenuebernahme","THO"
http://hl7.org/fhir/ValueSet/ex-diagnosis-on-admission,4.0.1,draft,"2.16.840.1.113883.4.642.3.1169",ExampleDiagnosisOnAdmissionCodes,Example Diagnosis on Admission Codes,"This value set includes example Diagnosis on Admission codes.","StructureDefinition/mii-pr-mtb-antrag-kostenuebernahme","THO"
http://hl7.org/fhir/ValueSet/ex-diagnosisrelatedgroup,4.0.1,draft,"2.16.840.1.113883.4.642.3.588",ExampleDiagnosisRelatedGroupCodes,Example Diagnosis Related Group Codes,"This value set includes example Diagnosis Related Group codes.","StructureDefinition/mii-pr-mtb-antrag-kostenuebernahme","THO"
http://hl7.org/fhir/ValueSet/ex-diagnosistype,4.0.1,draft,"2.16.840.1.113883.4.642.3.590",ExampleDiagnosisTypeCodes,Example Diagnosis Type Codes,"This value set includes example Diagnosis Type codes.","StructureDefinition/mii-pr-mtb-antrag-kostenuebernahme","THO"
http://hl7.org/fhir/ValueSet/ex-paymenttype,4.0.1,draft,"2.16.840.1.113883.4.642.3.616",ExamplePaymentTypeCodes,Example Payment Type Codes,"This value set includes example Payment Type codes.","StructureDefinition/mii-pr-mtb-antwort-kostenuebernahme","THO"
http://hl7.org/fhir/ValueSet/ex-procedure-type,4.0.1,draft,"2.16.840.1.113883.4.642.3.1387",ExampleProcedureTypeCodes,Example Procedure Type Codes,"This value set includes example Procedure Type codes.","StructureDefinition/mii-pr-mtb-antrag-kostenuebernahme","THO"
http://hl7.org/fhir/ValueSet/ex-program-code,4.0.1,draft,"2.16.840.1.113883.4.642.3.576",ExampleProgramReasonCodes,Example Program Reason Codes,"This value set includes sample Program Reason Span codes.","StructureDefinition/mii-pr-mtb-antwort-kostenuebernahme,StructureDefinition/mii-pr-mtb-antrag-kostenuebernahme","THO"
http://hl7.org/fhir/ValueSet/ex-revenue-center,4.0.1,draft,"2.16.840.1.113883.4.642.3.594",ExampleRevenueCenterCodes,Example Revenue Center Codes,"This value set includes sample Revenue Center codes.","StructureDefinition/mii-pr-mtb-antrag-kostenuebernahme","THO"
http://hl7.org/fhir/ValueSet/fm-status,4.0.1,draft,"2.16.840.1.113883.4.642.3.592",FinancialResourceStatusCodes,Financial Resource Status Codes,"This value set includes Status codes.","StructureDefinition/mii-pr-mtb-antwort-kostenuebernahme,StructureDefinition/mii-pr-mtb-antrag-kostenuebernahme","hl7.fhir.r4.core"
http://hl7.org/fhir/ValueSet/forms,4.0.1,draft,"2.16.840.1.113883.4.642.3.37",Form Codes,Forms,"This value set includes a sample set of Forms codes.","StructureDefinition/mii-pr-mtb-antwort-kostenuebernahme","THO"
http://hl7.org/fhir/ValueSet/fundsreserve,4.0.1,draft,"2.16.840.1.113883.4.642.3.33",Funds Reservation Codes,FundsReserve,"This value set includes sample funds reservation type codes.","StructureDefinition/mii-pr-mtb-antwort-kostenuebernahme,StructureDefinition/mii-pr-mtb-antrag-kostenuebernahme","THO"
http://hl7.org/fhir/ValueSet/icd-10,4.0.1,draft,"2.16.840.1.113883.4.642.3.531",ICD-10Codes,ICD-10 Codes,"This value set includes sample ICD-10 codes.","StructureDefinition/mii-pr-mtb-antrag-kostenuebernahme","hl7.terminology.r4"
http://hl7.org/fhir/ValueSet/icd-10-procedures,4.0.1,draft,"2.16.840.1.113883.4.642.3.574",ICD-10ProcedureCodes,ICD-10 Procedure Codes,"This value set includes sample ICD-10 Procedure codes.","StructureDefinition/mii-pr-mtb-antrag-kostenuebernahme","hl7.fhir.r4.core"
http://hl7.org/fhir/ValueSet/identifier-type,4.0.1,active,"2.16.840.1.113883.4.642.3.45",Identifier Type Codes,IdentifierType,"A coded type for an identifier that can be used to determine which identifier to use for a specific purpose.","StructureDefinition/mii-ex-mtb-empfehlung-publikation,StructureDefinition/mii-pr-mtb-studie","THO (V2)"
http://hl7.org/fhir/ValueSet/identifier-use,4.0.1,active,"2.16.840.1.113883.4.642.3.57",IdentifierUse,IdentifierUse,"Identifies the purpose for this identifier, if known .","StructureDefinition/mii-ex-mtb-empfehlung-publikation,StructureDefinition/mii-pr-mtb-studie","hl7.fhir.r4.core"
http://hl7.org/fhir/ValueSet/investigation-sets,4.0.1,draft,"2.16.840.1.113883.4.642.3.157",InvestigationType,Investigation Type,"Example value set for investigation type.","StructureDefinition/mii-pr-mtb-follow-up-clinicalimpression,StructureDefinition/mii-pr-mtb-behandlungsepisode","SCT"
http://hl7.org/fhir/ValueSet/jurisdiction,4.0.1,active,"2.16.840.1.113883.4.642.3.48",Jurisdiction ValueSet,Jurisdiction,"This value set defines a base set of codes for country, country subdivision and region    for indicating where a resource is intended to be used.             Note: The codes for countries and country subdivisions are taken from    [ISO 3166](https://www.iso.org/iso-3166-country-codes.html)    while the codes for ""supra-national"" regions are from    [UN Standard country or area codes for statistical use (M49)](http://unstats.un.org/unsd/methods/m49/m49.htm).","StructureDefinition/mii-pr-mtb-studie","hl7.terminology.r4,Other"
http://hl7.org/fhir/ValueSet/languages,4.0.1,draft,"2.16.840.1.113883.4.642.3.20",CommonLanguages,Common Languages,"This value set includes common codes from BCP-47 (http://tools.ietf.org/html/bcp47)","StructureDefinition/mii-pr-mtb-follow-up-clinicalimpression,StructureDefinition/mii-pr-mtb-consent-given,StructureDefinition/mii-pr-mtb-therapieempfehlung-kombination,StructureDefinition/mii-pr-mtb-systemische-vortherapie,StructureDefinition/mii-pr-mtb-studie,StructureDefinition/mii-pr-mtb-humangenetische-beratung-auftrag,StructureDefinition/mii-pr-mtb-tumorausbreitung,StructureDefinition/mii-pr-mtb-insituhybridization-her2,StructureDefinition/mii-pr-mtb-systemtherapie-medication-statement,StructureDefinition/mii-pr-mtb-genomic-study-analysis,StructureDefinition/mii-pr-mtb-studieneinschluss-anfrage,StructureDefinition/mii-pr-mtb-who-grad-tumor-zns,StructureDefinition/mii-pr-mtb-insituhybridization,StructureDefinition/mii-pr-mtb-einfache-variante,StructureDefinition/mii-pr-mtb-response-befund,StructureDefinition/mii-pr-mtb-therapieplan,StructureDefinition/mii-pr-mtb-mikrosatelliteninstabilitaet,StructureDefinition/mii-pr-mtb-antwort-kostenuebernahme,StructureDefinition/mii-pr-mtb-rna-fusion,StructureDefinition/mii-pr-mtb-diagnostische-implikation,StructureDefinition/mii-pr-mtb-rna-seq,StructureDefinition/mii-pr-mtb-oncotree,StructureDefinition/mii-pr-mtb-therapieempfehlung,StructureDefinition/genomic-study-device,StructureDefinition/mii-pr-mtb-histologie-evaluation-auftrag,StructureDefinition/mii-pr-mtb-ngs-bericht,StructureDefinition/mii-pr-mtb-hrd-score,StructureDefinition/mii-pr-mtb-immunohistochemistry-phosphorylation,StructureDefinition/mii-pr-mtb-mutationslast,StructureDefinition/mii-pr-mtb-tumorzellgehalt,StructureDefinition/mii-pr-mtb-behandlungsepisode,StructureDefinition/mii-pr-mtb-msi,StructureDefinition/mii-pr-mtb-immunohistochemistry-mmr,StructureDefinition/mii-pr-mtb-copy-number-variant,StructureDefinition/mii-pr-mtb-therapeutische-implikation,StructureDefinition/mii-pr-mtb-molekularer-biomarker,StructureDefinition/mii-pr-mtb-biopsie-auftrag,StructureDefinition/mii-pr-mtb-ploidie,StructureDefinition/mii-pr-mtb-brcaness,StructureDefinition/mii-pr-mtb-dna-fusion,StructureDefinition/mii-pr-mtb-immunohistochemistry-pdl1,StructureDefinition/mii-pr-mtb-diagnose-primaertumor,StructureDefinition/mii-pr-mtb-antrag-kostenuebernahme,StructureDefinition/mii-pr-mtb-immunohistochemistry,StructureDefinition/mii-pr-mtb-immunohistochemistry-her2,StructureDefinition/mii-pr-mtb-molecular-pathology-report,StructureDefinition/mii-pr-mtb-systemische-therapie,StructureDefinition/mii-pr-mtb-genomic-study,StructureDefinition/mii-pr-mtb-biomarker-her2-status","hl7.fhir.uv.xver-r5.r4"
http://hl7.org/fhir/ValueSet/manifestation-or-symptom,4.0.1,draft,"2.16.840.1.113883.4.642.3.169",ManifestationAndSymptomCodes,Manifestation and Symptom Codes,"Example value set for Manifestation and Symptom codes.","StructureDefinition/mii-pr-mtb-diagnose-primaertumor","SCT"
http://hl7.org/fhir/ValueSet/medication-as-needed-reason,4.0.1,draft,"2.16.840.1.113883.4.642.3.96",SNOMEDCTMedicationAsNeededReasonCodes,SNOMED CT Medication As Needed Reason Codes,"This value set includes all clinical findings from SNOMED CT - provided as an exemplar value set.","StructureDefinition/mii-pr-mtb-therapieempfehlung,StructureDefinition/mii-pr-mtb-biopsie-auftrag,StructureDefinition/mii-pr-mtb-systemtherapie-medication-statement,StructureDefinition/mii-pr-mtb-studieneinschluss-anfrage,StructureDefinition/mii-pr-mtb-histologie-evaluation-auftrag,StructureDefinition/mii-pr-mtb-humangenetische-beratung-auftrag","SCT"
http://hl7.org/fhir/ValueSet/medication-codes,4.0.1,draft,"2.16.840.1.113883.4.642.3.375",SNOMEDCTMedicationCodes,SNOMED CT Medication Codes,"This value set includes all drug or medicament substance codes and all pharmaceutical/biologic products from SNOMED CT - provided as an exemplar value set.","StructureDefinition/mii-pr-mtb-therapieempfehlung,StructureDefinition/mii-pr-mtb-therapieplan,StructureDefinition/mii-pr-mtb-systemtherapie-medication-statement","SCT"
http://hl7.org/fhir/ValueSet/medication-statement-category,4.0.1,draft,"2.16.840.1.113883.4.642.3.370",Medication usage category codes,Medication usage category codes,"Medication Status Codes","StructureDefinition/mii-pr-mtb-systemtherapie-medication-statement","THO"
http://hl7.org/fhir/ValueSet/medication-statement-status,4.0.1,draft,"2.16.840.1.113883.4.642.3.367",Medication Status Codes,Medication  status  codes,"Medication Status Codes","StructureDefinition/mii-pr-mtb-systemtherapie-medication-statement","hl7.fhir.r4.core"
http://hl7.org/fhir/ValueSet/medicationrequest-category,4.0.1,draft,"2.16.840.1.113883.4.642.3.1322",medicationRequest Category Codes,Medication request  category  codes,"MedicationRequest Category Codes","StructureDefinition/mii-pr-mtb-therapieempfehlung","THO"
http://hl7.org/fhir/ValueSet/medicationrequest-course-of-therapy,4.0.1,draft,"2.16.840.1.113883.4.642.3.1326",medicationRequest Course of Therapy Codes,Medication request  course of  therapy  codes,"MedicationRequest Course of Therapy Codes","StructureDefinition/mii-pr-mtb-therapieempfehlung","THO"
http://hl7.org/fhir/ValueSet/medicationrequest-intent,4.0.1,draft,"2.16.840.1.113883.4.642.3.1321",medicationRequest Intent,Medication request  intent,"MedicationRequest Intent Codes","StructureDefinition/mii-pr-mtb-therapieempfehlung","hl7.fhir.r4.core"
http://hl7.org/fhir/ValueSet/medicationrequest-status,4.0.1,draft,"2.16.840.1.113883.4.642.3.1320",medicationrequest Status,Medicationrequest  status,"MedicationRequest Status Codes","StructureDefinition/mii-pr-mtb-therapieempfehlung","hl7.fhir.r4.core"
http://hl7.org/fhir/ValueSet/medicationrequest-status-reason,4.0.1,draft,"2.16.840.1.113883.4.642.3.1324",medicationRequest Status Reason Codes,Medication request  status  reason  codes,"MedicationRequest Status Reason Codes","StructureDefinition/mii-pr-mtb-therapieempfehlung","THO"
http://hl7.org/fhir/ValueSet/missing-tooth-reason,4.0.1,draft,"2.16.840.1.113883.4.642.3.534",MissingToothReasonCodes,Missing Tooth Reason Codes,"This value set includes sample Missing Tooth Reason codes.","StructureDefinition/mii-pr-mtb-antrag-kostenuebernahme","THO"
http://hl7.org/fhir/ValueSet/note-type,4.0.1,draft,"2.16.840.1.113883.4.642.3.15",NoteType,NoteType,"The presentation types of notes.","StructureDefinition/mii-pr-mtb-antwort-kostenuebernahme","hl7.fhir.r4.core"
http://hl7.org/fhir/ValueSet/observation-category,4.0.1,draft,"2.16.840.1.113883.4.642.3.403",ObservationCategoryCodes,Observation Category Codes,"Observation Category codes.","StructureDefinition/mii-pr-mtb-hrd-score,StructureDefinition/mii-pr-mtb-consent-given,StructureDefinition/mii-pr-mtb-immunohistochemistry-phosphorylation,StructureDefinition/mii-pr-mtb-mutationslast,StructureDefinition/mii-pr-mtb-tumorausbreitung,StructureDefinition/mii-pr-mtb-tumorzellgehalt,StructureDefinition/mii-pr-mtb-insituhybridization-her2,StructureDefinition/mii-pr-mtb-msi,StructureDefinition/mii-pr-mtb-immunohistochemistry-mmr,StructureDefinition/mii-pr-mtb-who-grad-tumor-zns,StructureDefinition/mii-pr-mtb-insituhybridization,StructureDefinition/mii-pr-mtb-copy-number-variant,StructureDefinition/mii-pr-mtb-therapeutische-implikation,StructureDefinition/mii-pr-mtb-einfache-variante,StructureDefinition/mii-pr-mtb-molekularer-biomarker,StructureDefinition/mii-pr-mtb-response-befund,StructureDefinition/mii-pr-mtb-mikrosatelliteninstabilitaet,StructureDefinition/mii-pr-mtb-ploidie,StructureDefinition/mii-pr-mtb-rna-fusion,StructureDefinition/mii-pr-mtb-brcaness,StructureDefinition/mii-pr-mtb-diagnostische-implikation,StructureDefinition/mii-pr-mtb-rna-seq,StructureDefinition/mii-pr-mtb-dna-fusion,StructureDefinition/mii-pr-mtb-immunohistochemistry-pdl1,StructureDefinition/mii-pr-mtb-oncotree,StructureDefinition/mii-pr-mtb-immunohistochemistry,StructureDefinition/mii-pr-mtb-immunohistochemistry-her2,StructureDefinition/mii-pr-mtb-biomarker-her2-status","THO"
http://hl7.org/fhir/ValueSet/observation-codes,4.0.1,draft,"2.16.840.1.113883.4.642.3.396",LOINCCodes,LOINC Codes,"This value set includes all LOINC codes","StructureDefinition/mii-pr-mtb-hrd-score,StructureDefinition/mii-pr-mtb-consent-given,StructureDefinition/mii-pr-mtb-immunohistochemistry-phosphorylation,StructureDefinition/mii-pr-mtb-mutationslast,StructureDefinition/mii-pr-mtb-tumorausbreitung,StructureDefinition/mii-pr-mtb-tumorzellgehalt,StructureDefinition/mii-pr-mtb-insituhybridization-her2,StructureDefinition/mii-pr-mtb-msi,StructureDefinition/mii-pr-mtb-immunohistochemistry-mmr,StructureDefinition/mii-pr-mtb-who-grad-tumor-zns,StructureDefinition/mii-pr-mtb-insituhybridization,StructureDefinition/mii-pr-mtb-copy-number-variant,StructureDefinition/mii-pr-mtb-therapeutische-implikation,StructureDefinition/mii-pr-mtb-einfache-variante,StructureDefinition/mii-pr-mtb-molekularer-biomarker,StructureDefinition/mii-pr-mtb-response-befund,StructureDefinition/mii-pr-mtb-mikrosatelliteninstabilitaet,StructureDefinition/mii-pr-mtb-ploidie,StructureDefinition/mii-pr-mtb-rna-fusion,StructureDefinition/mii-pr-mtb-brcaness,StructureDefinition/mii-pr-mtb-diagnostische-implikation,StructureDefinition/mii-pr-mtb-rna-seq,StructureDefinition/mii-pr-mtb-dna-fusion,StructureDefinition/mii-pr-mtb-immunohistochemistry-pdl1,StructureDefinition/mii-pr-mtb-oncotree,StructureDefinition/mii-pr-mtb-immunohistochemistry,StructureDefinition/mii-pr-mtb-immunohistochemistry-her2,StructureDefinition/mii-pr-mtb-biomarker-her2-status","LOINC"
http://hl7.org/fhir/ValueSet/observation-interpretation,4.0.1,active,"2.16.840.1.113883.4.642.3.399",ObservationInterpretationCodes,Observation Interpretation Codes,"A categorical assessment, providing a rough qualitative interpretation of the observation value,    such as “normal”/ “abnormal”,”low” / “high”, “better” / “worse”, “susceptible” / “resistant”, “expected”/ “not expected”.    The value set is intended to be for ANY use where coded representation of an interpretation is needed.             Notes:          This is being communicated in v2.x in OBX-8 (Observation Interpretation), in v3 in ObservationInterpretation (CWE) in R1 (Representative Realm) and in FHIR in    Observation.interpretation. Historically these values come from the laboratory domain, and these codes are extensively    used. The value set binding is extensible, so codes outside the value set that are needed for interpretation concepts    (i.e. particular meanings) that are not included in the value set can be used, and these new codes may also be added to    the value set and published in a future version.","StructureDefinition/mii-pr-mtb-hrd-score,StructureDefinition/mii-pr-mtb-consent-given,StructureDefinition/mii-pr-mtb-immunohistochemistry-phosphorylation,StructureDefinition/mii-pr-mtb-mutationslast,StructureDefinition/mii-pr-mtb-tumorausbreitung,StructureDefinition/mii-pr-mtb-tumorzellgehalt,StructureDefinition/mii-pr-mtb-insituhybridization-her2,StructureDefinition/mii-pr-mtb-msi,StructureDefinition/mii-pr-mtb-immunohistochemistry-mmr,StructureDefinition/mii-pr-mtb-who-grad-tumor-zns,StructureDefinition/mii-pr-mtb-insituhybridization,StructureDefinition/mii-pr-mtb-copy-number-variant,StructureDefinition/mii-pr-mtb-therapeutische-implikation,StructureDefinition/mii-pr-mtb-einfache-variante,StructureDefinition/mii-pr-mtb-molekularer-biomarker,StructureDefinition/mii-pr-mtb-response-befund,StructureDefinition/mii-pr-mtb-mikrosatelliteninstabilitaet,StructureDefinition/mii-pr-mtb-ploidie,StructureDefinition/mii-pr-mtb-rna-fusion,StructureDefinition/mii-pr-mtb-brcaness,StructureDefinition/mii-pr-mtb-diagnostische-implikation,StructureDefinition/mii-pr-mtb-rna-seq,StructureDefinition/mii-pr-mtb-dna-fusion,StructureDefinition/mii-pr-mtb-immunohistochemistry-pdl1,StructureDefinition/mii-pr-mtb-oncotree,StructureDefinition/mii-pr-mtb-immunohistochemistry,StructureDefinition/mii-pr-mtb-immunohistochemistry-her2,StructureDefinition/mii-pr-mtb-biomarker-her2-status","THO (V3)"
http://hl7.org/fhir/ValueSet/observation-methods,4.0.1,draft,"2.16.840.1.113883.4.642.3.395",ObservationMethods,Observation Methods,"Observation Method codes from [SNOMED CT](http://snomed.info/sct) where concept is-a 272394005 (Technique (qualifier value)) or is-a 129264002 (Action (qualifier value)) or is-a 386053000 (Evaluation procedure(procedure))","StructureDefinition/mii-pr-mtb-hrd-score,StructureDefinition/mii-pr-mtb-consent-given,StructureDefinition/mii-pr-mtb-ploidie,StructureDefinition/mii-pr-mtb-brcaness,StructureDefinition/mii-pr-mtb-diagnostische-implikation,StructureDefinition/mii-pr-mtb-immunohistochemistry-phosphorylation,StructureDefinition/mii-pr-mtb-immunohistochemistry-pdl1,StructureDefinition/mii-pr-mtb-oncotree,StructureDefinition/mii-pr-mtb-mutationslast,StructureDefinition/mii-pr-mtb-tumorausbreitung,StructureDefinition/mii-pr-mtb-immunohistochemistry,StructureDefinition/mii-pr-mtb-immunohistochemistry-her2,StructureDefinition/mii-pr-mtb-msi,StructureDefinition/mii-pr-mtb-immunohistochemistry-mmr,StructureDefinition/mii-pr-mtb-who-grad-tumor-zns,StructureDefinition/mii-pr-mtb-biomarker-her2-status,StructureDefinition/mii-pr-mtb-therapeutische-implikation,StructureDefinition/mii-pr-mtb-molekularer-biomarker","SCT"
http://hl7.org/fhir/ValueSet/observation-status,4.0.1,active,"2.16.840.1.113883.4.642.3.400",ObservationStatus,ObservationStatus,"Codes providing the status of an observation.","StructureDefinition/mii-pr-mtb-hrd-score,StructureDefinition/mii-pr-mtb-consent-given,StructureDefinition/mii-pr-mtb-immunohistochemistry-phosphorylation,StructureDefinition/mii-pr-mtb-mutationslast,StructureDefinition/mii-pr-mtb-tumorausbreitung,StructureDefinition/mii-pr-mtb-tumorzellgehalt,StructureDefinition/mii-pr-mtb-insituhybridization-her2,StructureDefinition/mii-pr-mtb-msi,StructureDefinition/mii-pr-mtb-immunohistochemistry-mmr,StructureDefinition/mii-pr-mtb-who-grad-tumor-zns,StructureDefinition/mii-pr-mtb-insituhybridization,StructureDefinition/mii-pr-mtb-copy-number-variant,StructureDefinition/mii-pr-mtb-therapeutische-implikation,StructureDefinition/mii-pr-mtb-einfache-variante,StructureDefinition/mii-pr-mtb-molekularer-biomarker,StructureDefinition/mii-pr-mtb-response-befund,StructureDefinition/mii-pr-mtb-mikrosatelliteninstabilitaet,StructureDefinition/mii-pr-mtb-ploidie,StructureDefinition/mii-pr-mtb-rna-fusion,StructureDefinition/mii-pr-mtb-brcaness,StructureDefinition/mii-pr-mtb-diagnostische-implikation,StructureDefinition/mii-pr-mtb-rna-seq,StructureDefinition/mii-pr-mtb-dna-fusion,StructureDefinition/mii-pr-mtb-immunohistochemistry-pdl1,StructureDefinition/mii-pr-mtb-oncotree,StructureDefinition/mii-pr-mtb-immunohistochemistry,StructureDefinition/mii-pr-mtb-immunohistochemistry-her2,StructureDefinition/mii-pr-mtb-biomarker-her2-status","hl7.fhir.r4.core"
http://hl7.org/fhir/ValueSet/participant-role,4.0.1,draft,"2.16.840.1.113883.4.642.3.152",ParticipantRoles,Participant Roles,"Roles of participants that may be included in a care team.  Defined as: Is a Person, Healthcare professional (occupation) or Healthcare related organization (qualifier value).","StructureDefinition/mii-pr-mtb-biopsie-auftrag,StructureDefinition/mii-pr-mtb-studieneinschluss-anfrage,StructureDefinition/mii-pr-mtb-histologie-evaluation-auftrag,StructureDefinition/mii-pr-mtb-humangenetische-beratung-auftrag","SCT"
http://hl7.org/fhir/ValueSet/payeetype,4.0.1,draft,"2.16.840.1.113883.4.642.3.31",Claim Payee Type Codes,PayeeType,"This value set includes sample Payee Type codes.","StructureDefinition/mii-pr-mtb-antwort-kostenuebernahme,StructureDefinition/mii-pr-mtb-antrag-kostenuebernahme","THO"
http://hl7.org/fhir/ValueSet/payment-adjustment-reason,4.0.1,draft,"2.16.840.1.113883.4.642.3.600",PaymentAdjustmentReasonCodes,Payment Adjustment Reason Codes,"This value set includes smattering of Payment Adjustment Reason codes.","StructureDefinition/mii-pr-mtb-antwort-kostenuebernahme","THO"
http://hl7.org/fhir/ValueSet/performer-role,4.0.1,draft,"2.16.840.1.113883.4.642.3.433",ProcedurePerformerRoleCodes,Procedure Performer Role Codes,"This example value set defines the set of codes that can be used to indicate a role of a procedure performer.","StructureDefinition/mii-pr-mtb-therapieempfehlung,StructureDefinition/mii-pr-mtb-genomic-study-analysis,StructureDefinition/mii-pr-mtb-systemische-vortherapie,StructureDefinition/mii-pr-mtb-systemische-therapie,StructureDefinition/mii-pr-mtb-genomic-study","SCT"
http://hl7.org/fhir/ValueSet/procedure-category,4.0.1,draft,"2.16.840.1.113883.4.642.3.430",ProcedureCategoryCodes(SNOMEDCT),Procedure Category Codes (SNOMED CT),"Procedure Category code: A selection of relevant SNOMED CT codes.","StructureDefinition/mii-pr-mtb-genomic-study-analysis,StructureDefinition/mii-pr-mtb-systemische-vortherapie,StructureDefinition/mii-pr-mtb-systemische-therapie,StructureDefinition/mii-pr-mtb-genomic-study","SCT"
http://hl7.org/fhir/ValueSet/procedure-code,4.0.1,draft,"2.16.840.1.113883.4.642.3.427",ProcedureCodes(SNOMEDCT),Procedure Codes (SNOMED CT),"Procedure Code: All SNOMED CT procedure codes.","StructureDefinition/mii-pr-mtb-biopsie-auftrag,StructureDefinition/mii-pr-mtb-therapieplan,StructureDefinition/mii-pr-mtb-genomic-study-analysis,StructureDefinition/mii-pr-mtb-studieneinschluss-anfrage,StructureDefinition/mii-pr-mtb-systemische-vortherapie,StructureDefinition/mii-pr-mtb-systemische-therapie,StructureDefinition/mii-pr-mtb-histologie-evaluation-auftrag,StructureDefinition/mii-pr-mtb-humangenetische-beratung-auftrag","SCT"
http://hl7.org/fhir/ValueSet/procedure-followup,4.0.1,draft,"2.16.840.1.113883.4.642.3.429",ProcedureFollowUpCodes(SNOMEDCT),Procedure Follow up Codes (SNOMED CT),"Procedure follow up codes: A selection of SNOMED CT codes relevant to procedure follow up.","StructureDefinition/mii-pr-mtb-genomic-study-analysis,StructureDefinition/mii-pr-mtb-systemische-vortherapie,StructureDefinition/mii-pr-mtb-systemische-therapie,StructureDefinition/mii-pr-mtb-genomic-study","SCT"
http://hl7.org/fhir/ValueSet/procedure-not-performed-reason,4.0.1,active,"2.16.840.1.113883.4.642.3.431",ProcedureNotPerformedReason(SNOMED-CT),Procedure Not Performed Reason (SNOMED-CT),"Situation codes describing the reason that a procedure, which might otherwise be expected, was not performed, or a procedure that was started and was not completed. Consists of SNOMED CT codes, children of procedure contraindicated (183932001), procedure discontinued (416406003), procedure not done (416237000), procedure not indicated (428119001), procedure not offered (416064006), procedure not wanted (416432009), procedure refused (183944003), and procedure stopped (394908001).","StructureDefinition/mii-pr-mtb-genomic-study-analysis,StructureDefinition/mii-pr-mtb-systemische-vortherapie,StructureDefinition/mii-pr-mtb-systemische-therapie,StructureDefinition/mii-pr-mtb-genomic-study","SCT"
http://hl7.org/fhir/ValueSet/procedure-outcome,4.0.1,draft,"2.16.840.1.113883.4.642.3.428",ProcedureOutcomeCodes(SNOMEDCT),Procedure Outcome Codes (SNOMED CT),"Procedure Outcome code: A selection of relevant SNOMED CT codes.","StructureDefinition/mii-pr-mtb-genomic-study-analysis,StructureDefinition/mii-pr-mtb-genomic-study","SCT"
http://hl7.org/fhir/ValueSet/procedure-reason,4.0.1,draft,"2.16.840.1.113883.4.642.3.432",ProcedureReasonCodes,Procedure Reason Codes,"This example value set defines the set of codes that can be used to indicate a reason for a procedure.","StructureDefinition/mii-pr-mtb-biopsie-auftrag,StructureDefinition/mii-pr-mtb-genomic-study-analysis,StructureDefinition/mii-pr-mtb-studieneinschluss-anfrage,StructureDefinition/mii-pr-mtb-systemische-vortherapie,StructureDefinition/mii-pr-mtb-systemische-therapie,StructureDefinition/mii-pr-mtb-histologie-evaluation-auftrag,StructureDefinition/mii-pr-mtb-genomic-study","SCT"
http://hl7.org/fhir/ValueSet/process-priority,4.0.1,draft,"2.16.840.1.113883.4.642.3.552",ProcessPriorityCodes,Process Priority Codes,"This value set includes the financial processing priority codes.","StructureDefinition/mii-pr-mtb-antrag-kostenuebernahme","THO"
http://hl7.org/fhir/ValueSet/provider-qualification,4.0.1,draft,"2.16.840.1.113883.4.642.3.570",ExampleProviderQualificationCodes,Example Provider Qualification Codes,"This value set includes sample Provider Qualification codes.","StructureDefinition/mii-pr-mtb-antrag-kostenuebernahme","THO"
http://hl7.org/fhir/ValueSet/quantity-comparator,4.0.1,active,"2.16.840.1.113883.4.642.3.59",QuantityComparator,QuantityComparator,"How the Quantity should be understood and represented.","StructureDefinition/mii-pr-mtb-therapieempfehlung,StructureDefinition/mii-pr-mtb-insituhybridization-her2,StructureDefinition/mii-pr-mtb-systemtherapie-medication-statement,StructureDefinition/mii-pr-mtb-brcaness,StructureDefinition/mii-pr-mtb-rna-fusion,StructureDefinition/mii-pr-mtb-dna-fusion,StructureDefinition/mii-pr-mtb-rna-seq,StructureDefinition/mii-pr-mtb-copy-number-variant,StructureDefinition/mii-pr-mtb-diagnose-primaertumor,StructureDefinition/mii-pr-mtb-einfache-variante,StructureDefinition/mii-pr-mtb-tumorzellgehalt","hl7.fhir.r4.core"
http://hl7.org/fhir/ValueSet/reason-medication-status-codes,4.0.1,draft,"2.16.840.1.113883.4.642.3.369",SNOMEDCTDrugTherapyStatusCodes,SNOMED CT Drug Therapy Status codes ,"This value set includes some taken and not taken reason codes from SNOMED CT - provided as an exemplar","StructureDefinition/mii-pr-mtb-systemtherapie-medication-statement","SCT"
http://hl7.org/fhir/ValueSet/referencerange-appliesto,4.0.1,draft,"2.16.840.1.113883.4.642.3.407",ObservationReferenceRangeAppliesToCodes,Observation Reference Range Applies To Codes,"This value set defines a set of codes that can be used to indicate the particular target population the reference range applies to.","StructureDefinition/mii-pr-mtb-hrd-score,StructureDefinition/mii-pr-mtb-consent-given,StructureDefinition/mii-pr-mtb-immunohistochemistry-phosphorylation,StructureDefinition/mii-pr-mtb-mutationslast,StructureDefinition/mii-pr-mtb-tumorausbreitung,StructureDefinition/mii-pr-mtb-tumorzellgehalt,StructureDefinition/mii-pr-mtb-insituhybridization-her2,StructureDefinition/mii-pr-mtb-msi,StructureDefinition/mii-pr-mtb-immunohistochemistry-mmr,StructureDefinition/mii-pr-mtb-who-grad-tumor-zns,StructureDefinition/mii-pr-mtb-insituhybridization,StructureDefinition/mii-pr-mtb-copy-number-variant,StructureDefinition/mii-pr-mtb-therapeutische-implikation,StructureDefinition/mii-pr-mtb-einfache-variante,StructureDefinition/mii-pr-mtb-molekularer-biomarker,StructureDefinition/mii-pr-mtb-response-befund,StructureDefinition/mii-pr-mtb-mikrosatelliteninstabilitaet,StructureDefinition/mii-pr-mtb-ploidie,StructureDefinition/mii-pr-mtb-rna-fusion,StructureDefinition/mii-pr-mtb-brcaness,StructureDefinition/mii-pr-mtb-diagnostische-implikation,StructureDefinition/mii-pr-mtb-rna-seq,StructureDefinition/mii-pr-mtb-dna-fusion,StructureDefinition/mii-pr-mtb-immunohistochemistry-pdl1,StructureDefinition/mii-pr-mtb-oncotree,StructureDefinition/mii-pr-mtb-immunohistochemistry,StructureDefinition/mii-pr-mtb-immunohistochemistry-her2,StructureDefinition/mii-pr-mtb-biomarker-her2-status","SCT"
http://hl7.org/fhir/ValueSet/referencerange-meaning,4.0.1,draft,"2.16.840.1.113883.4.642.3.397",ObservationReferenceRangeMeaningCodes,Observation Reference Range Meaning Codes,"This value set defines a set of codes that can be used to indicate the meaning/use of a reference range for a particular target population.","StructureDefinition/mii-pr-mtb-hrd-score,StructureDefinition/mii-pr-mtb-consent-given,StructureDefinition/mii-pr-mtb-immunohistochemistry-phosphorylation,StructureDefinition/mii-pr-mtb-mutationslast,StructureDefinition/mii-pr-mtb-tumorausbreitung,StructureDefinition/mii-pr-mtb-tumorzellgehalt,StructureDefinition/mii-pr-mtb-insituhybridization-her2,StructureDefinition/mii-pr-mtb-msi,StructureDefinition/mii-pr-mtb-immunohistochemistry-mmr,StructureDefinition/mii-pr-mtb-who-grad-tumor-zns,StructureDefinition/mii-pr-mtb-insituhybridization,StructureDefinition/mii-pr-mtb-copy-number-variant,StructureDefinition/mii-pr-mtb-therapeutische-implikation,StructureDefinition/mii-pr-mtb-einfache-variante,StructureDefinition/mii-pr-mtb-molekularer-biomarker,StructureDefinition/mii-pr-mtb-response-befund,StructureDefinition/mii-pr-mtb-mikrosatelliteninstabilitaet,StructureDefinition/mii-pr-mtb-ploidie,StructureDefinition/mii-pr-mtb-rna-fusion,StructureDefinition/mii-pr-mtb-brcaness,StructureDefinition/mii-pr-mtb-diagnostische-implikation,StructureDefinition/mii-pr-mtb-rna-seq,StructureDefinition/mii-pr-mtb-dna-fusion,StructureDefinition/mii-pr-mtb-immunohistochemistry-pdl1,StructureDefinition/mii-pr-mtb-oncotree,StructureDefinition/mii-pr-mtb-immunohistochemistry,StructureDefinition/mii-pr-mtb-immunohistochemistry-her2,StructureDefinition/mii-pr-mtb-biomarker-her2-status","THO"
http://hl7.org/fhir/ValueSet/related-claim-relationship,4.0.1,draft,"2.16.840.1.113883.4.642.3.568",ExampleRelatedClaimRelationshipCodes,Example Related Claim Relationship Codes,"This value set includes sample Related Claim Relationship codes.","StructureDefinition/mii-pr-mtb-antrag-kostenuebernahme","THO"
http://hl7.org/fhir/ValueSet/remittance-outcome,4.0.1,draft,"2.16.840.1.113883.4.642.3.13",ClaimProcessingCodes,Claim Processing Codes,"This value set includes Claim Processing Outcome codes.","StructureDefinition/mii-pr-mtb-antwort-kostenuebernahme","hl7.fhir.r4.core"
http://hl7.org/fhir/ValueSet/report-codes,4.0.1,draft,"2.16.840.1.113883.4.642.3.233",LOINCDiagnosticReportCodes,LOINC Diagnostic Report Codes,"This value set includes LOINC codes that relate to Diagnostic Observations.","StructureDefinition/mii-pr-mtb-ngs-bericht,StructureDefinition/mii-pr-mtb-molecular-pathology-report","LOINC"
http://hl7.org/fhir/ValueSet/request-intent,4.0.1,draft,"2.16.840.1.113883.4.642.3.113",RequestIntent,RequestIntent,"Codes indicating the degree of authority/intentionality associated with a request.","StructureDefinition/mii-pr-mtb-biopsie-auftrag,StructureDefinition/mii-pr-mtb-therapieempfehlung-kombination,StructureDefinition/mii-pr-mtb-studieneinschluss-anfrage,StructureDefinition/mii-pr-mtb-histologie-evaluation-auftrag,StructureDefinition/mii-pr-mtb-humangenetische-beratung-auftrag","hl7.fhir.r4.core"
http://hl7.org/fhir/ValueSet/request-priority,4.0.1,draft,"2.16.840.1.113883.4.642.3.115",RequestPriority,Request priority,"The clinical priority of a diagnostic order.","StructureDefinition/mii-pr-mtb-therapieempfehlung,StructureDefinition/mii-pr-mtb-biopsie-auftrag,StructureDefinition/mii-pr-mtb-therapieempfehlung-kombination,StructureDefinition/mii-pr-mtb-studieneinschluss-anfrage,StructureDefinition/mii-pr-mtb-histologie-evaluation-auftrag,StructureDefinition/mii-pr-mtb-humangenetische-beratung-auftrag","hl7.fhir.r4.core"
http://hl7.org/fhir/ValueSet/request-status,4.0.1,draft,"2.16.840.1.113883.4.642.3.111",RequestStatus,RequestStatus,"Codes identifying the lifecycle stage of a request.","StructureDefinition/mii-pr-mtb-biopsie-auftrag,StructureDefinition/mii-pr-mtb-therapieplan,StructureDefinition/mii-pr-mtb-therapieempfehlung-kombination,StructureDefinition/mii-pr-mtb-studieneinschluss-anfrage,StructureDefinition/mii-pr-mtb-histologie-evaluation-auftrag,StructureDefinition/mii-pr-mtb-humangenetische-beratung-auftrag","hl7.fhir.r4.core"
http://hl7.org/fhir/ValueSet/research-study-objective-type,4.0.1,draft,"2.16.840.1.113883.4.642.3.823",ResearchStudyObjectiveType,ResearchStudyObjectiveType,"Codes for the kind of study objective.","StructureDefinition/mii-pr-mtb-studie","THO"
http://hl7.org/fhir/ValueSet/research-study-phase,4.0.1,draft,"2.16.840.1.113883.4.642.3.821",ResearchStudyPhase,ResearchStudyPhase,"Codes for the stage in the progression of a therapy from initial experimental use in humans in clinical trials to post-market evaluation.","StructureDefinition/mii-pr-mtb-studie","THO"
http://hl7.org/fhir/ValueSet/research-study-prim-purp-type,4.0.1,draft,"2.16.840.1.113883.4.642.3.827",ResearchStudyPrimaryPurposeType,ResearchStudyPrimaryPurposeType,"Codes for the main intent of the study.","StructureDefinition/mii-pr-mtb-studie","THO"
http://hl7.org/fhir/ValueSet/research-study-reason-stopped,4.0.1,draft,"2.16.840.1.113883.4.642.3.825",ResearchStudyReasonStopped,ResearchStudyReasonStopped,"Codes for why the study ended prematurely.","StructureDefinition/mii-pr-mtb-studie","THO"
http://hl7.org/fhir/ValueSet/research-study-status,4.0.1,draft,"2.16.840.1.113883.4.642.3.819",ResearchStudyStatus,ResearchStudyStatus,"Codes that convey the current status of the research study.","StructureDefinition/mii-pr-mtb-studie","hl7.fhir.r4.core"
http://hl7.org/fhir/ValueSet/resource-types,4.0.1,active,"2.16.840.1.113883.4.642.3.27",ResourceType,ResourceType,"One of the resource types defined as part of this version of FHIR.","StructureDefinition/mii-pr-mtb-behandlungsepisode","hl7.fhir.r4.core"
http://hl7.org/fhir/ValueSet/route-codes,4.0.1,draft,"2.16.840.1.113883.4.642.3.98",SNOMEDCTRouteCodes,SNOMED CT Route Codes,"This value set includes all Route codes from SNOMED CT - provided as an exemplar.","StructureDefinition/mii-pr-mtb-therapieempfehlung,StructureDefinition/mii-pr-mtb-systemtherapie-medication-statement","SCT"
http://hl7.org/fhir/ValueSet/security-labels,4.0.1,active,"2.16.840.1.113883.4.642.3.47",All Security Labels,SecurityLabels,"A single value set for all security labels defined by FHIR.","StructureDefinition/mii-pr-mtb-follow-up-clinicalimpression,StructureDefinition/mii-pr-mtb-consent-given,StructureDefinition/mii-pr-mtb-therapieempfehlung-kombination,StructureDefinition/mii-pr-mtb-systemische-vortherapie,StructureDefinition/mii-pr-mtb-studie,StructureDefinition/mii-pr-mtb-humangenetische-beratung-auftrag,StructureDefinition/mii-pr-mtb-tumorausbreitung,StructureDefinition/mii-pr-mtb-insituhybridization-her2,StructureDefinition/mii-pr-mtb-systemtherapie-medication-statement,StructureDefinition/mii-pr-mtb-genomic-study-analysis,StructureDefinition/mii-pr-mtb-studieneinschluss-anfrage,StructureDefinition/mii-pr-mtb-who-grad-tumor-zns,StructureDefinition/mii-pr-mtb-insituhybridization,StructureDefinition/mii-pr-mtb-einfache-variante,StructureDefinition/mii-pr-mtb-response-befund,StructureDefinition/mii-pr-mtb-therapieplan,StructureDefinition/mii-pr-mtb-mikrosatelliteninstabilitaet,StructureDefinition/mii-pr-mtb-antwort-kostenuebernahme,StructureDefinition/mii-pr-mtb-rna-fusion,StructureDefinition/mii-pr-mtb-diagnostische-implikation,StructureDefinition/mii-pr-mtb-rna-seq,StructureDefinition/mii-pr-mtb-oncotree,StructureDefinition/mii-pr-mtb-therapieempfehlung,StructureDefinition/genomic-study-device,StructureDefinition/mii-pr-mtb-histologie-evaluation-auftrag,StructureDefinition/mii-pr-mtb-ngs-bericht,StructureDefinition/mii-pr-mtb-hrd-score,StructureDefinition/mii-pr-mtb-immunohistochemistry-phosphorylation,StructureDefinition/mii-pr-mtb-mutationslast,StructureDefinition/mii-pr-mtb-tumorzellgehalt,StructureDefinition/mii-pr-mtb-behandlungsepisode,StructureDefinition/mii-pr-mtb-msi,StructureDefinition/mii-pr-mtb-immunohistochemistry-mmr,StructureDefinition/mii-pr-mtb-copy-number-variant,StructureDefinition/mii-pr-mtb-therapeutische-implikation,StructureDefinition/mii-pr-mtb-molekularer-biomarker,StructureDefinition/mii-pr-mtb-biopsie-auftrag,StructureDefinition/mii-pr-mtb-ploidie,StructureDefinition/mii-pr-mtb-brcaness,StructureDefinition/mii-pr-mtb-dna-fusion,StructureDefinition/mii-pr-mtb-immunohistochemistry-pdl1,StructureDefinition/mii-pr-mtb-diagnose-primaertumor,StructureDefinition/mii-pr-mtb-antrag-kostenuebernahme,StructureDefinition/mii-pr-mtb-immunohistochemistry,StructureDefinition/mii-pr-mtb-immunohistochemistry-her2,StructureDefinition/mii-pr-mtb-molecular-pathology-report,StructureDefinition/mii-pr-mtb-systemische-therapie,StructureDefinition/mii-pr-mtb-genomic-study,StructureDefinition/mii-pr-mtb-biomarker-her2-status",
http://hl7.org/fhir/ValueSet/service-place,4.0.1,draft,"2.16.840.1.113883.4.642.3.564",ExampleServicePlaceCodes,Example Service Place Codes,"This value set includes a smattering of Service Place codes.","StructureDefinition/mii-pr-mtb-antwort-kostenuebernahme,StructureDefinition/mii-pr-mtb-antrag-kostenuebernahme","THO"
http://hl7.org/fhir/ValueSet/service-uscls,4.0.1,draft,"2.16.840.1.113883.4.642.3.542",USCLSCodes,USCLS Codes,"This value set includes a smattering of USCLS codes.","StructureDefinition/mii-pr-mtb-antwort-kostenuebernahme,StructureDefinition/mii-pr-mtb-antrag-kostenuebernahme","THO"
http://hl7.org/fhir/ValueSet/servicerequest-category,4.0.1,draft,"2.16.840.1.113883.4.642.3.434",ServiceRequestCategoryCodes,Service Request Category Codes,"An example value set of SNOMED CT concepts that can classify a requested service","StructureDefinition/mii-pr-mtb-biopsie-auftrag,StructureDefinition/mii-pr-mtb-studieneinschluss-anfrage,StructureDefinition/mii-pr-mtb-histologie-evaluation-auftrag,StructureDefinition/mii-pr-mtb-humangenetische-beratung-auftrag","SCT"
http://hl7.org/fhir/ValueSet/servicerequest-orderdetail,4.0.1,draft,"2.16.840.1.113883.4.642.3.435",ServiceRequestOrderDetailsCodes,Service Request Order Details Codes,"An example value set of Codified order entry details concepts.  These concepts only make sense in the context of what is being ordered.  This example is for a patient ventilation order","StructureDefinition/mii-pr-mtb-biopsie-auftrag,StructureDefinition/mii-pr-mtb-studieneinschluss-anfrage,StructureDefinition/mii-pr-mtb-histologie-evaluation-auftrag,StructureDefinition/mii-pr-mtb-humangenetische-beratung-auftrag","SCT"
http://hl7.org/fhir/ValueSet/surface,4.0.1,draft,"2.16.840.1.113883.4.642.3.546",SurfaceCodes,Surface Codes,"This value set includes a smattering of FDI tooth surface codes.","StructureDefinition/mii-pr-mtb-antwort-kostenuebernahme,StructureDefinition/mii-pr-mtb-antrag-kostenuebernahme","THO"
http://hl7.org/fhir/ValueSet/timing-abbreviation,4.0.1,draft,"2.16.840.1.113883.4.642.3.78",TimingAbbreviation,TimingAbbreviation,"Code for a known / defined timing pattern.","StructureDefinition/mii-pr-mtb-therapieempfehlung,StructureDefinition/mii-pr-mtb-systemtherapie-medication-statement","THO (V3)"
http://hl7.org/fhir/ValueSet/tooth,4.0.1,draft,"2.16.840.1.113883.4.642.3.540",OralSiteCodes,Oral Site Codes,"This value set includes a smattering of FDI oral site codes.","StructureDefinition/mii-pr-mtb-antwort-kostenuebernahme,StructureDefinition/mii-pr-mtb-antrag-kostenuebernahme","THO"
http://hl7.org/fhir/ValueSet/udi-entry-type,4.0.1,draft,"2.16.840.1.113883.4.642.3.211",UDIEntryType,UDIEntryType,"Codes to identify how UDI data was entered.","StructureDefinition/genomic-study-device","hl7.fhir.r4.core"
http://hl7.org/fhir/ValueSet/units-of-time,4.0.1,active,"2.16.840.1.113883.4.642.3.77",UnitsOfTime,UnitsOfTime,"A unit of time (units from UCUM).","StructureDefinition/mii-pr-mtb-therapieempfehlung,StructureDefinition/mii-pr-mtb-systemtherapie-medication-statement","UCUM"
http://hl7.org/fhir/uv/genomics-reporting/ValueSet/condition-inheritance-mode-vs,3.0.0,active,,ConditionInheritanceModeVS,Condition Inheritance Patterns,"Value Set for specific transmission patterns of a condition in a pedigree","StructureDefinition/mii-pr-mtb-diagnostische-implikation","hl7.terminology.r4"
http://hl7.org/fhir/uv/genomics-reporting/ValueSet/dna-change-type-vs,3.0.0,active,,DNAChangeTypeVS,DNA Change Type,"DNA Change Type of a variant.","StructureDefinition/mii-pr-mtb-rna-fusion,StructureDefinition/mii-pr-mtb-dna-fusion,StructureDefinition/mii-pr-mtb-rna-seq,StructureDefinition/mii-pr-mtb-copy-number-variant,StructureDefinition/mii-pr-mtb-einfache-variante","hl7.terminology.r4"
http://hl7.org/fhir/uv/genomics-reporting/ValueSet/evidence-level-example-vs,3.0.0,active,,EvidenceLevelExampleVS,Evidence Level Examples,"Example sources of values for Evidence Level","StructureDefinition/mii-pr-mtb-diagnostische-implikation,StructureDefinition/mii-pr-mtb-therapeutische-implikation","hl7.fhir.uv.genomics-reporting"
http://hl7.org/fhir/uv/genomics-reporting/ValueSet/genetic-therapeutic-implications-vs,3.0.0,active,,GeneticTherapeuticImplicationsVS,Genetic Therapeutic Implications,"Value Set for terms that describe a predicted ramification based on the presence of associated molecular finding(s).","StructureDefinition/mii-pr-mtb-therapeutische-implikation","SCT,LOINC"
http://hl7.org/fhir/uv/genomics-reporting/ValueSet/genomic-study-type-vs,3.0.0,active,,GenomicStudyTypeVS,Genomic Study Type ValueSet,"Backport of http://hl7.org/fhir/ValueSet/genomicstudy-type","StructureDefinition/mii-pr-mtb-genomic-study","hl7.fhir.uv.genomics-reporting"
http://hl7.org/fhir/uv/genomics-reporting/ValueSet/hgnc-vs,3.0.0,active,,HGNCVS,HUGO Gene Nomenclature Committee Gene Names (HGNC),"This value set includes all HGNC Codes, which includes multiple code systems. In this guide, Gene IDs from HGNC are used as CodeableConcepts, which must be sent with the HGNC gene ID including the prefix 'HGNC:' as the code and the HGNC 'gene symbol' as display. CAUTION: HGNC also indexes gene groups by numeric ID (without a prefix), and older systems may send HGNC gene IDs without the prefix, so care must be taken to confirm alignment. We have separately included the genegroup code system to draw attention to this ambiguity and potential error.","StructureDefinition/mii-pr-mtb-hrd-score,StructureDefinition/mii-pr-mtb-mikrosatelliteninstabilitaet,StructureDefinition/mii-pr-mtb-ploidie,StructureDefinition/mii-pr-mtb-brcaness,StructureDefinition/mii-pr-mtb-rna-fusion,StructureDefinition/mii-pr-mtb-rna-seq,StructureDefinition/mii-pr-mtb-immunohistochemistry-phosphorylation,StructureDefinition/mii-pr-mtb-dna-fusion,StructureDefinition/mii-pr-mtb-immunohistochemistry-pdl1,StructureDefinition/mii-pr-mtb-mutationslast,StructureDefinition/mii-pr-mtb-immunohistochemistry,StructureDefinition/mii-pr-mtb-immunohistochemistry-her2,StructureDefinition/mii-pr-mtb-insituhybridization-her2,StructureDefinition/mii-pr-mtb-msi,StructureDefinition/mii-pr-mtb-immunohistochemistry-mmr,StructureDefinition/mii-pr-mtb-insituhybridization,StructureDefinition/mii-pr-mtb-copy-number-variant,StructureDefinition/mii-pr-mtb-biomarker-her2-status,StructureDefinition/mii-pr-mtb-einfache-variante,StructureDefinition/mii-pr-mtb-molekularer-biomarker","hl7.terminology.r4"
http://hl7.org/fhir/uv/genomics-reporting/ValueSet/hgvs-vs,3.0.0,active,,HGVSVS,Human Genome Variation Society (HGVS) Nomenclature,"HGVS-nomenclature is used to report and exchange information regarding variants found in DNA, RNA and protein sequences and serves as an international standard. (source: varnomen.hgvs.org)","StructureDefinition/mii-pr-mtb-rna-fusion,StructureDefinition/mii-pr-mtb-dna-fusion,StructureDefinition/mii-pr-mtb-rna-seq,StructureDefinition/mii-pr-mtb-copy-number-variant,StructureDefinition/mii-pr-mtb-einfache-variante","hl7.terminology.r4"
http://hl7.org/fhir/uv/genomics-reporting/ValueSet/high-low-codes-vs,2.0.0,active,,HighLowCodesVS,High Low codes,"This value set includes high/low codes for Observation Interpretations","StructureDefinition/mii-pr-mtb-hrd-score,StructureDefinition/mii-pr-mtb-ploidie,StructureDefinition/mii-pr-mtb-brcaness,StructureDefinition/mii-pr-mtb-mutationslast","THO (V3)"
http://hl7.org/fhir/uv/genomics-reporting/ValueSet/molecular-biomarker-category-vs,3.0.0,active,,MolecularBiomarkerCategoryVS,Molecular Biomarker Categories,"This value set is drawn from the Molecular Biomarker Ontology code system, which provides codes that characterize a molecular biomarker.","StructureDefinition/mii-pr-mtb-hrd-score,StructureDefinition/mii-pr-mtb-mikrosatelliteninstabilitaet,StructureDefinition/mii-pr-mtb-ploidie,StructureDefinition/mii-pr-mtb-brcaness,StructureDefinition/mii-pr-mtb-immunohistochemistry-phosphorylation,StructureDefinition/mii-pr-mtb-immunohistochemistry-pdl1,StructureDefinition/mii-pr-mtb-mutationslast,StructureDefinition/mii-pr-mtb-immunohistochemistry,StructureDefinition/mii-pr-mtb-immunohistochemistry-her2,StructureDefinition/mii-pr-mtb-insituhybridization-her2,StructureDefinition/mii-pr-mtb-msi,StructureDefinition/mii-pr-mtb-immunohistochemistry-mmr,StructureDefinition/mii-pr-mtb-insituhybridization,StructureDefinition/mii-pr-mtb-biomarker-her2-status,StructureDefinition/mii-pr-mtb-molekularer-biomarker","hl7.fhir.uv.genomics-reporting"
http://hl7.org/fhir/uv/genomics-reporting/ValueSet/molecular-biomarker-code-vs,3.0.0,active,,MolecularBiomarkerCodeVS,Molecular Biomarker Codes,"Value Set for terms that can be used as Biomarkers.","StructureDefinition/mii-pr-mtb-msi","LOINC,hl7.terminology.r4"
http://hl7.org/fhir/uv/genomics-reporting/ValueSet/variant-confidence-status-vs,3.0.0,active,,VariantConfidenceStatusVS,Variant Confidence Status,"A code that classifies the confidence for calling this variant.","StructureDefinition/mii-pr-mtb-rna-fusion,StructureDefinition/mii-pr-mtb-dna-fusion,StructureDefinition/mii-pr-mtb-rna-seq,StructureDefinition/mii-pr-mtb-copy-number-variant,StructureDefinition/mii-pr-mtb-einfache-variante","THO"
http://hl7.org/fhir/uv/ips/ValueSet/medicine-route-of-administration,2.0.0,active,,MedicineRouteOfAdministrationUvIps,Medicine EDQM Route of Administration - IPS,"While SNOMED remains a preferred binding for medicine route, EDQM (European Directorate for the Quality of Medicines and Healthcare) route of administration codes are allowed as additional binding.   EDQM (European Directorate for the Quality of Medicines and Healthcare) Route of Administration codes.  This Value Set includes all the EDQM Standard Terms having:   [Concept Status] = ‘C’ AND   [Concept Class] = 'ROA' AND   [Domain] = 'H+V'    C = 'Current'; ROA = 'Route of administration'; H+V = 'Human and Veterinary'","StructureDefinition/mii-pr-mtb-therapieempfehlung,StructureDefinition/mii-pr-mtb-systemtherapie-medication-statement","Other"
http://hl7.org/fhir/uv/ips/ValueSet/target-site-uv-ips,1.1.0,active,,TargetSiteUvIps,Target Site - IPS,"This value set includes codes from SNOMED Clinical Terms®: all descendants of 442083009 | Anatomical or acquired body structure (body structure)|.","StructureDefinition/mii-pr-mtb-therapieempfehlung,StructureDefinition/mii-pr-mtb-systemtherapie-medication-statement","SCT"
http://ig.fhir.de/igs/medication/ValueSet/DosageDoseQuantityDE,1.0.7,active,,DosageDoseQuantityDEVS,Dosage DoseQuantity ValueSet,"Diese ValueSet enthält Konzepte für die Dosierungseinheit in der Dosiermenge.","StructureDefinition/mii-pr-mtb-therapieempfehlung,StructureDefinition/mii-pr-mtb-systemtherapie-medication-statement","UCUM,Other"
http://loinc.org/vs/LL1040-6,null,active,,LOINCAnswersLL1040-6,LOINC Answer Codes for LL1040-6,"","StructureDefinition/mii-pr-mtb-copy-number-variant","LOINC"
http://loinc.org/vs/LL1040-6,null,active,,LOINCAnswersLL1040-6,LOINC Answer Codes for LL1040-6,"","StructureDefinition/mii-pr-mtb-dna-fusion","LOINC"
http://loinc.org/vs/LL1040-6,null,active,,LOINCAnswersLL1040-6,LOINC Answer Codes for LL1040-6,"","StructureDefinition/mii-pr-mtb-einfache-variante","LOINC"
http://loinc.org/vs/LL1040-6,null,active,,LOINCAnswersLL1040-6,LOINC Answer Codes for LL1040-6,"","StructureDefinition/mii-pr-mtb-rna-fusion","LOINC"
http://loinc.org/vs/LL1040-6,null,active,,LOINCAnswersLL1040-6,LOINC Answer Codes for LL1040-6,"","StructureDefinition/mii-pr-mtb-rna-seq","LOINC"
http://loinc.org/vs/LL1971-2,null,active,,LOINCAnswersLL1971-2,LOINC Answer Codes for LL1971-2,"","StructureDefinition/mii-pr-mtb-copy-number-variant","LOINC"
http://loinc.org/vs/LL1971-2,null,active,,LOINCAnswersLL1971-2,LOINC Answer Codes for LL1971-2,"","StructureDefinition/mii-pr-mtb-dna-fusion","LOINC"
http://loinc.org/vs/LL1971-2,null,active,,LOINCAnswersLL1971-2,LOINC Answer Codes for LL1971-2,"","StructureDefinition/mii-pr-mtb-einfache-variante","LOINC"
http://loinc.org/vs/LL1971-2,null,active,,LOINCAnswersLL1971-2,LOINC Answer Codes for LL1971-2,"","StructureDefinition/mii-pr-mtb-rna-fusion","LOINC"
http://loinc.org/vs/LL1971-2,null,active,,LOINCAnswersLL1971-2,LOINC Answer Codes for LL1971-2,"","StructureDefinition/mii-pr-mtb-rna-seq","LOINC"
http://loinc.org/vs/LL2938-0,null,active,,LOINCAnswersLL2938-0,LOINC Answer Codes for LL2938-0,"","StructureDefinition/mii-pr-mtb-copy-number-variant","LOINC"
http://loinc.org/vs/LL2938-0,null,active,,LOINCAnswersLL2938-0,LOINC Answer Codes for LL2938-0,"","StructureDefinition/mii-pr-mtb-dna-fusion","LOINC"
http://loinc.org/vs/LL2938-0,null,active,,LOINCAnswersLL2938-0,LOINC Answer Codes for LL2938-0,"","StructureDefinition/mii-pr-mtb-einfache-variante","LOINC"
http://loinc.org/vs/LL2938-0,null,active,,LOINCAnswersLL2938-0,LOINC Answer Codes for LL2938-0,"","StructureDefinition/mii-pr-mtb-rna-fusion","LOINC"
http://loinc.org/vs/LL2938-0,null,active,,LOINCAnswersLL2938-0,LOINC Answer Codes for LL2938-0,"","StructureDefinition/mii-pr-mtb-rna-seq","LOINC"
http://loinc.org/vs/LL3593-2,null,active,,LOINCAnswersLL3593-2,LOINC Answer Codes for LL3593-2,"","StructureDefinition/mii-pr-mtb-biomarker-her2-status","LOINC"
http://loinc.org/vs/LL378-1,null,active,,LOINCAnswersLL378-1,LOINC Answer Codes for LL378-1,"","StructureDefinition/mii-pr-mtb-copy-number-variant","LOINC"
http://loinc.org/vs/LL378-1,null,active,,LOINCAnswersLL378-1,LOINC Answer Codes for LL378-1,"","StructureDefinition/mii-pr-mtb-dna-fusion","LOINC"
http://loinc.org/vs/LL378-1,null,active,,LOINCAnswersLL378-1,LOINC Answer Codes for LL378-1,"","StructureDefinition/mii-pr-mtb-einfache-variante","LOINC"
http://loinc.org/vs/LL378-1,null,active,,LOINCAnswersLL378-1,LOINC Answer Codes for LL378-1,"","StructureDefinition/mii-pr-mtb-rna-fusion","LOINC"
http://loinc.org/vs/LL378-1,null,active,,LOINCAnswersLL378-1,LOINC Answer Codes for LL378-1,"","StructureDefinition/mii-pr-mtb-rna-seq","LOINC"
http://loinc.org/vs/LL381-5,null,active,,LOINCAnswersLL381-5,LOINC Answer Codes for LL381-5,"","StructureDefinition/mii-pr-mtb-copy-number-variant","LOINC"
http://loinc.org/vs/LL381-5,null,active,,LOINCAnswersLL381-5,LOINC Answer Codes for LL381-5,"","StructureDefinition/mii-pr-mtb-dna-fusion","LOINC"
http://loinc.org/vs/LL381-5,null,active,,LOINCAnswersLL381-5,LOINC Answer Codes for LL381-5,"","StructureDefinition/mii-pr-mtb-einfache-variante","LOINC"
http://loinc.org/vs/LL381-5,null,active,,LOINCAnswersLL381-5,LOINC Answer Codes for LL381-5,"","StructureDefinition/mii-pr-mtb-rna-fusion","LOINC"
http://loinc.org/vs/LL381-5,null,active,,LOINCAnswersLL381-5,LOINC Answer Codes for LL381-5,"","StructureDefinition/mii-pr-mtb-rna-seq","LOINC"
http://loinc.org/vs/LL4034-6,null,active,,LOINCAnswersLL4034-6,LOINC Answer Codes for LL4034-6,"","StructureDefinition/mii-pr-mtb-diagnostische-implikation","LOINC"
http://loinc.org/vs/LL4034-6,null,active,,LOINCAnswersLL4034-6,LOINC Answer Codes for LL4034-6,"","StructureDefinition/mii-pr-mtb-therapeutische-implikation","LOINC"
http://loinc.org/vs/LL4048-6,null,active,,LOINCAnswersLL4048-6,LOINC Answer Codes for LL4048-6,"","StructureDefinition/mii-pr-mtb-copy-number-variant","LOINC"
http://loinc.org/vs/LL4048-6,null,active,,LOINCAnswersLL4048-6,LOINC Answer Codes for LL4048-6,"","StructureDefinition/mii-pr-mtb-dna-fusion","LOINC"
http://loinc.org/vs/LL4048-6,null,active,,LOINCAnswersLL4048-6,LOINC Answer Codes for LL4048-6,"","StructureDefinition/mii-pr-mtb-einfache-variante","LOINC"
http://loinc.org/vs/LL4048-6,null,active,,LOINCAnswersLL4048-6,LOINC Answer Codes for LL4048-6,"","StructureDefinition/mii-pr-mtb-rna-fusion","LOINC"
http://loinc.org/vs/LL4048-6,null,active,,LOINCAnswersLL4048-6,LOINC Answer Codes for LL4048-6,"","StructureDefinition/mii-pr-mtb-rna-seq","LOINC"
http://loinc.org/vs/LL4050-2,null,active,,LOINCAnswersLL4050-2,LOINC Answer Codes for LL4050-2,"","StructureDefinition/mii-pr-mtb-copy-number-variant","LOINC"
http://loinc.org/vs/LL4050-2,null,active,,LOINCAnswersLL4050-2,LOINC Answer Codes for LL4050-2,"","StructureDefinition/mii-pr-mtb-dna-fusion","LOINC"
http://loinc.org/vs/LL4050-2,null,active,,LOINCAnswersLL4050-2,LOINC Answer Codes for LL4050-2,"","StructureDefinition/mii-pr-mtb-einfache-variante","LOINC"
http://loinc.org/vs/LL4050-2,null,active,,LOINCAnswersLL4050-2,LOINC Answer Codes for LL4050-2,"","StructureDefinition/mii-pr-mtb-rna-fusion","LOINC"
http://loinc.org/vs/LL4050-2,null,active,,LOINCAnswersLL4050-2,LOINC Answer Codes for LL4050-2,"","StructureDefinition/mii-pr-mtb-rna-seq","LOINC"
http://loinc.org/vs/LL4396-9,null,active,,LOINCAnswersLL4396-9,LOINC Answer Codes for LL4396-9,"","StructureDefinition/mii-pr-mtb-immunohistochemistry-her2","LOINC"
http://loinc.org/vs/LL5323-2,null,active,,LOINCAnswersLL5323-2,LOINC Answer Codes for LL5323-2,"","StructureDefinition/mii-pr-mtb-copy-number-variant","LOINC"
http://loinc.org/vs/LL5323-2,null,active,,LOINCAnswersLL5323-2,LOINC Answer Codes for LL5323-2,"","StructureDefinition/mii-pr-mtb-dna-fusion","LOINC"
http://loinc.org/vs/LL5323-2,null,active,,LOINCAnswersLL5323-2,LOINC Answer Codes for LL5323-2,"","StructureDefinition/mii-pr-mtb-einfache-variante","LOINC"
http://loinc.org/vs/LL5323-2,null,active,,LOINCAnswersLL5323-2,LOINC Answer Codes for LL5323-2,"","StructureDefinition/mii-pr-mtb-rna-fusion","LOINC"
http://loinc.org/vs/LL5323-2,null,active,,LOINCAnswersLL5323-2,LOINC Answer Codes for LL5323-2,"","StructureDefinition/mii-pr-mtb-rna-seq","LOINC"
http://loinc.org/vs/LL5489-1,null,active,,LOINCAnswersLL5489-1,LOINC Answer Codes for LL5489-1,"","StructureDefinition/mii-pr-mtb-copy-number-variant","LOINC"
http://loinc.org/vs/LL5489-1,null,active,,LOINCAnswersLL5489-1,LOINC Answer Codes for LL5489-1,"","StructureDefinition/mii-pr-mtb-dna-fusion","LOINC"
http://loinc.org/vs/LL5489-1,null,active,,LOINCAnswersLL5489-1,LOINC Answer Codes for LL5489-1,"","StructureDefinition/mii-pr-mtb-einfache-variante","LOINC"
http://loinc.org/vs/LL5489-1,null,active,,LOINCAnswersLL5489-1,LOINC Answer Codes for LL5489-1,"","StructureDefinition/mii-pr-mtb-rna-fusion","LOINC"
http://loinc.org/vs/LL5489-1,null,active,,LOINCAnswersLL5489-1,LOINC Answer Codes for LL5489-1,"","StructureDefinition/mii-pr-mtb-rna-seq","LOINC"
http://terminology.hl7.org/ValueSet/v3-ActIncidentCode,3.0.0,active,"2.16.840.1.113883.1.11.16508",ActIncidentCode,ActIncidentCode,"Set of codes indicating the type of incident or accident.","StructureDefinition/mii-pr-mtb-antrag-kostenuebernahme","THO (V3)"
http://terminology.hl7.org/ValueSet/v3-ActSubstanceAdminSubstitutionCode,3.0.0,active,"2.16.840.1.113883.1.11.16621",ActSubstanceAdminSubstitutionCode,ActSubstanceAdminSubstitutionCode,"***No description***","StructureDefinition/mii-pr-mtb-therapieempfehlung","THO (V3)"
http://terminology.hl7.org/ValueSet/v3-ServiceDeliveryLocationRoleType,3.0.0,active,"2.16.840.1.113883.1.11.17660",ServiceDeliveryLocationRoleType,ServiceDeliveryLocationRoleType,"A role of a place that further classifies the setting (e.g., accident site, road side, work site, community location) in which services are delivered.","StructureDefinition/mii-pr-mtb-biopsie-auftrag,StructureDefinition/mii-pr-mtb-studieneinschluss-anfrage,StructureDefinition/mii-pr-mtb-histologie-evaluation-auftrag,StructureDefinition/mii-pr-mtb-humangenetische-beratung-auftrag","THO (V3)"
http://terminology.hl7.org/ValueSet/v3-SubstanceAdminSubstitutionReason,3.0.0,active,"2.16.840.1.113883.1.11.19377",SubstanceAdminSubstitutionReason,SubstanceAdminSubstitutionReason,"***No description***","StructureDefinition/mii-pr-mtb-therapieempfehlung","THO (V3)"
https://www.medizininformatik-initiative.de/fhir/core/modul-diagnose/ValueSet/diagnoses-sct,2027.0.0-ballot.rc1,active,,MII_VS_Diagnose_DiagnoseCodes_SNOMED,MII VS Diagnose Diagnose-Codes SNOMED,"Enthaelt alle SNOMED Clinical finding, Event und Situation with explicit context codes","StructureDefinition/mii-pr-mtb-diagnose-primaertumor","SCT"
https://www.medizininformatik-initiative.de/fhir/core/modul-diagnose/ValueSet/mii-vs-diagnose-alphaid,2027.0.0-ballot.rc1,active,,MII_VS_Diagnose_AlphaID,MII VS Diagnose Alpha-ID,"Enthaelt Alpha-ID-Codes der Versionen 2018 bis 2025","StructureDefinition/mii-pr-mtb-diagnose-primaertumor","de.basisprofil.r4"
https://www.medizininformatik-initiative.de/fhir/core/modul-diagnose/ValueSet/mii-vs-diagnose-bodystructure-snomed,2027.0.0-ballot.rc1,active,,MII_VS_Diagnose_BodyStructure_SNOMED,MII VS Diagnose BodyStructure SNOMED,"Enthaelt alle SNOMED Body structure codes","StructureDefinition/mii-pr-mtb-diagnose-primaertumor","SCT"
https://www.medizininformatik-initiative.de/fhir/core/modul-diagnose/ValueSet/mii-vs-diagnose-icd10gm,2027.0.0-ballot.rc1,active,,MII_VS_Diagnose_ICD10GM,MII VS Diagnose ICD-10-GM,"Enthaelt ICD-10-GM-Codes der Versionen 2009 bis 2025","StructureDefinition/mii-pr-mtb-diagnose-primaertumor","de.basisprofil.r4"
https://www.medizininformatik-initiative.de/fhir/core/modul-diagnose/ValueSet/mii-vs-diagnose-orphanet,2027.0.0-ballot.rc1,active,,MII_VS_Diagnose_Orphanet,MII VS Diagnose Orphanet,"Enthaelt alle Orpha-Kennnummern (ORPHAcodes)","StructureDefinition/mii-pr-mtb-diagnose-primaertumor","Other"
https://www.medizininformatik-initiative.de/fhir/core/modul-medikation/ValueSet/fallkontext,2027.0.0-ballot.rc5,active,,MII_VS_Medikation_Fallkontext,MII VS Medikation Fallkontext,"Codes zur Differenzierung des Kontextes in dem eine Medikationsliste verwaltet wird.","StructureDefinition/mii-pr-mtb-systemtherapie-medication-statement","de.ihe-d.terminology"
https://www.medizininformatik-initiative.de/fhir/core/modul-medikation/ValueSet/mii-vs-medikation-atc,2027.0.0-ballot.rc5,active,,MII_VS_Medikation_ATC,MII VS Medikation ATC,"Enthaelt ATC-Codes der Versionen 2018 bis 2026","StructureDefinition/mii-pr-mtb-therapieempfehlung,StructureDefinition/mii-pr-mtb-systemtherapie-medication-statement","de.basisprofil.r4"
https://www.medizininformatik-initiative.de/fhir/core/modul-prozedur/ValueSet/mii-vs-prozedur-ops,2027.0.0-ballot.rc1,active,,MII_VS_Prozedur_OPS,MII VS Prozedur OPS,"Enthaelt OPS-Codes der Versionen 2010 bis 2025","StructureDefinition/mii-pr-mtb-systemische-vortherapie,StructureDefinition/mii-pr-mtb-systemische-therapie","de.basisprofil.r4"
https://www.medizininformatik-initiative.de/fhir/core/modul-prozedur/ValueSet/procedures-category-sct,2027.0.0-ballot.rc1,active,,MII_VS_Prozedur_OpsKategorien_SNOMEDCT,MII VS Prozedur OPS Kategorien [SNOMED CT],"Enthaelt alle SNOMED CT Codes für ein Mapping der OPS Klassentitel","StructureDefinition/mii-pr-mtb-systemische-vortherapie,StructureDefinition/mii-pr-mtb-systemische-therapie","SCT"
https://www.medizininformatik-initiative.de/fhir/core/modul-prozedur/ValueSet/procedures-sct,2027.0.0-ballot.rc1,active,,MII_VS_Prozedur_Prozeduren_SNOMEDCT,MII VS Prozedur Prozeduren [SNOMED CT],"Enthaelt alle SNOMED CT Procedure Codes","StructureDefinition/mii-pr-mtb-systemische-vortherapie,StructureDefinition/mii-pr-mtb-systemische-therapie","SCT"
https://www.medizininformatik-initiative.de/fhir/ext/modul-mtb/ValueSet/mii-vs-mtb-antrag-kostenuebernahme,2026.0.1,active,,MII_VS_MTB_Antrag_Kostenuebernahme_Type,MII VS MTB Antrag Kostenuebernahme,"MII Logical Model Modul Molekulares Tumorboard","StructureDefinition/mii-pr-mtb-antwort-kostenuebernahme,StructureDefinition/mii-pr-mtb-antrag-kostenuebernahme","THO"
https://www.medizininformatik-initiative.de/fhir/ext/modul-mtb/ValueSet/mii-vs-mtb-antrag-kostenuebernahme-antragsstadium,2026.0.1,active,,MII_VS_MTB_Antrag_Kostenuebernahme_Antragsstadium,MII VS Antrag Kostenuebernahme Antragsstadium,"ValueSet zum Stadium des Antrags zur Kostenuebernahme","StructureDefinition/mii-ex-mtb-antrag-kostenuebernahme-antragsstadium","Internal"
https://www.medizininformatik-initiative.de/fhir/ext/modul-mtb/ValueSet/mii-vs-mtb-antwort-kostenuebernahme-ablehnungsgrund,2026.0.1,active,,MII_VS_MTB_Antwort_Kostenuebernahme_Ablehnungsgrund,MII VS Kostenuebernahme Ablehnungsgrund,"ValueSet zum Grund der Ablehnung des Antrags zur Kostenuebernahme","StructureDefinition/mii-ex-mtb-antwort-kostenuebernahme-ablehnungsgrund","Internal"
https://www.medizininformatik-initiative.de/fhir/ext/modul-mtb/ValueSet/mii-vs-mtb-antwort-kostenuebernahme-entscheidung,2026.0.1,active,,MII_VS_MTB_Antwort_Kostenuebernahme_Entscheidung,MII VS Antwort Kostenuebernahme Entscheidung,"ValueSet zur Entscheidung der Antwort auf den Antrags zur Kostenuebernahme","StructureDefinition/mii-ex-mtb-antwort-kostenuebernahme-entscheidung","Internal"
https://www.medizininformatik-initiative.de/fhir/ext/modul-mtb/ValueSet/mii-vs-mtb-auftrag-begruendung,2026.0.1,active,,MII_VS_MTB_AuftragBegruendung,MII VS Auftrag Begründung,"ValueSet für Begründung zum Auftrag zur (erneuten) Untersuchung oder Diagnostik","StructureDefinition/mii-pr-mtb-humangenetische-beratung-auftrag","Internal"
https://www.medizininformatik-initiative.de/fhir/ext/modul-mtb/ValueSet/mii-vs-mtb-bestimmungsmethode-tumorzellgehalt,2026.0.1,active,,MII_VS_MTB_BestimmungsmethodeTumorzellgehalt,MII VS Bestimmungsmethode Tumorzellgehalt,"ValueSet für Angewandte Methode zur Bestimmung des Tumorzellgehalts","StructureDefinition/mii-pr-mtb-tumorzellgehalt","Internal"
https://www.medizininformatik-initiative.de/fhir/ext/modul-mtb/ValueSet/mii-vs-mtb-dosisdichte,2026.0.1,active,,MII_VS_MTB_Dosisdichte,MII VS Dosisdichte,"ValueSet zur Dosisdichte","StructureDefinition/mii-pr-mtb-systemtherapie-medication-statement","Internal"
https://www.medizininformatik-initiative.de/fhir/ext/modul-mtb/ValueSet/mii-vs-mtb-empfehlung-evidenzgrad,2026.0.1,active,,MII_VS_MTB_Empfehlung_Evidenzgrad,MII VS Empfehlung Evidenzgrad,"ValueSet für den Evidenzgrad einer Empfehlung",,"Internal"
https://www.medizininformatik-initiative.de/fhir/ext/modul-mtb/ValueSet/mii-vs-mtb-empfehlung-evidenzgrad-zusatzverweis,2026.0.1,active,,MII_VS_MTB_Empfehlung_EvidenzgradZusatzverweis,MII VS Empfehlung Evidenzgrad Zusatzverweis,"ValueSet für den Zusatzverweis zum Evidenzgrad einer Empfehlung",,"Internal"
https://www.medizininformatik-initiative.de/fhir/ext/modul-mtb/ValueSet/mii-vs-mtb-empfehlung-status-begruendung,2026.0.1,active,,MII_VS_MTB_Empfehlung_StatusBegruendung,MII VS Empfehlung Status Begründung,"ValueSet für Begründung bei fehlender Empfehlung im MTB-Beschluss",,"Internal"
https://www.medizininformatik-initiative.de/fhir/ext/modul-mtb/ValueSet/mii-vs-mtb-follow-up-grund-nicht-umsetzung,2026.0.1,active,,MII_VS_MTB_Follow_Up_Grund_Nicht_Umsetzung,MII VS Follow-Up Grund Nicht-Umsetzung,"ValueSet zum Follow-Up Grund Nicht-Umsetzung des Therapieplans. Abgeleitet von mii-cs-mtb-systemische-therapie-status-grund","StructureDefinition/mii-pr-mtb-follow-up-clinicalimpression","Other"
https://www.medizininformatik-initiative.de/fhir/ext/modul-mtb/ValueSet/mii-vs-mtb-follow-up-status,2026.0.1,active,,MII_VS_MTB_Follow_Up_Status,MII VS Follow-Up Status,"ValueSet zum Follow-Up Status","StructureDefinition/mii-pr-mtb-follow-up-clinicalimpression","Internal"
https://www.medizininformatik-initiative.de/fhir/ext/modul-mtb/ValueSet/mii-vs-mtb-genomic-analysis-method-type,2026.0.1,active,,MII_VS_MTB_Genomic_Analysis_Method_Type,MII VS Genomic Analysis Method Type,"ValueSet, dass die ursprünglich vom HL7 Clinical Genomics vorgeschlagenen Antwortmöglichkeiten für Genomic Study Analysis Method Type mit dem vom dnpm dekalrierten Antwortspektrum vereint","StructureDefinition/mii-pr-mtb-genomic-study-analysis","hl7.fhir.uv.genomics-reporting,Internal"
https://www.medizininformatik-initiative.de/fhir/ext/modul-mtb/ValueSet/mii-vs-mtb-immunohistochemistry-specific-codes,2026.0.1,active,,MII_VS_MTB_Immunhistochemistry_Specific_Codes,MII VS MTB Immunhistochemistry Specific Codes,"Spezifische LOINC und SNOMED Codes für immunhistochemische Untersuchungen. Diese Codes werden für das Slice 'spezifisch' im Immunohistochemistry Profil verwendet.",,"SCT,LOINC"
https://www.medizininformatik-initiative.de/fhir/ext/modul-mtb/ValueSet/mii-vs-mtb-ish-method,2026.0.1,active,,MII_VS_MTB_ISH_Method,MII VS MTB ISH Method,"In Situ Hybridization technique methods (FISH, CISH, SISH)","StructureDefinition/mii-pr-mtb-insituhybridization-her2,StructureDefinition/mii-pr-mtb-insituhybridization","SCT"
https://www.medizininformatik-initiative.de/fhir/ext/modul-mtb/ValueSet/mii-vs-mtb-leitlinienbehandlung-status,2026.0.1,active,,MII_VS_MTB_Leitlinienbehandlung_Status,MII VS Leitlinienbehandlung Status,"ValueSet zum Status der Behandlung nach Leitlinie","StructureDefinition/mii-ex-mtb-leitlinienbehandlung-status","Internal"
https://www.medizininformatik-initiative.de/fhir/ext/modul-mtb/ValueSet/mii-vs-mtb-mmr-expression,2026.0.1,active,,MII_VS_MTB_MMR_Expression,MII VS Mismatch Repair Proteins Expression,"ValueSet zum MMR-Protein-Expression auf Basis von Immunhistochemie, basierend auf der LOINC-AnswerList LL3993-4 Intact nuc express|Loss of nuc express|Undet","StructureDefinition/mii-pr-mtb-immunohistochemistry-mmr","LOINC"
https://www.medizininformatik-initiative.de/fhir/ext/modul-mtb/ValueSet/mii-vs-mtb-mmr-proficiency,2026.0.1,active,,MII_VS_MTB_MMR_Proficiency,MII VS Mismatch Repair Protein Proficiency,"ValueSet zum MMR-Protein-Proficiency auf Basis von Immunhistochemie","StructureDefinition/mii-pr-mtb-immunohistochemistry-mmr","Other"
https://www.medizininformatik-initiative.de/fhir/ext/modul-mtb/ValueSet/mii-vs-mtb-molekulare-biomarker,2026.0.1,active,,MII_VS_MTB_Molekulare_Biomarker,MII VS Molekulare Biomarker,"ValueSet zum CS Molekulare Biomarker","StructureDefinition/mii-pr-mtb-hrd-score,StructureDefinition/mii-pr-mtb-mikrosatelliteninstabilitaet,StructureDefinition/mii-pr-mtb-ploidie,StructureDefinition/mii-pr-mtb-brcaness,StructureDefinition/mii-pr-mtb-immunohistochemistry-phosphorylation,StructureDefinition/mii-pr-mtb-immunohistochemistry-pdl1,StructureDefinition/mii-pr-mtb-mutationslast,StructureDefinition/mii-pr-mtb-immunohistochemistry,StructureDefinition/mii-pr-mtb-immunohistochemistry-her2,StructureDefinition/mii-pr-mtb-insituhybridization-her2,StructureDefinition/mii-pr-mtb-immunohistochemistry-mmr,StructureDefinition/mii-pr-mtb-insituhybridization,StructureDefinition/mii-pr-mtb-biomarker-her2-status,StructureDefinition/mii-pr-mtb-molekularer-biomarker","Internal"
https://www.medizininformatik-initiative.de/fhir/ext/modul-mtb/ValueSet/mii-vs-mtb-msi,2026.0.1,active,,MII_VS_MTB_Microsatellite_Instability,MII VS Mikrosatelliteninstabilität,"ValueSet zum MSI-Status auf Basis von Immunhistochemie, basierend auf der LOINC-AnswerList LL1057-0 Stable|Unstable|Indeterminate","StructureDefinition/mii-pr-mtb-mikrosatelliteninstabilitaet","LOINC"
https://www.medizininformatik-initiative.de/fhir/ext/modul-mtb/ValueSet/mii-vs-mtb-msi-method-type,2026.0.1,active,,MII_VS_MTB_MSI_Method_Type,MII VS MSI Method Type,"ValueSet zum CS MSI Method Type","StructureDefinition/mii-pr-mtb-mikrosatelliteninstabilitaet","Internal"
https://www.medizininformatik-initiative.de/fhir/ext/modul-mtb/ValueSet/mii-vs-mtb-oncotree,2026.0.1,active,,MII_VS_MTB_OncoTree,MII VS OncoTree ValueSet,"ValueSet der MSKCC OncoTree Klassifikationen",,"Other"
https://www.medizininformatik-initiative.de/fhir/ext/modul-mtb/ValueSet/mii-vs-mtb-response-befund-beurteilung,2026.0.1,active,,MII_VS_MTB_Response_Befund_Beurteilung,MII VS Response Befund Beurteilung,"ValueSet Response Befund Beurteilung","StructureDefinition/mii-pr-mtb-response-befund","Internal"
https://www.medizininformatik-initiative.de/fhir/ext/modul-mtb/ValueSet/mii-vs-mtb-response-befund-beurteilungsmethode,2026.0.1,active,,MII_VS_MTB_Beurteilungsmethode,MII VS Response Befund Beurteilung,"ValueSet Beurteilungsmethode eines Response Befunds","StructureDefinition/mii-pr-mtb-response-befund","Internal"
https://www.medizininformatik-initiative.de/fhir/ext/modul-mtb/ValueSet/mii-vs-mtb-systemische-therapie-status,2026.0.1,active,,MII_VS_MTB_Systemische_Therapie_Status,MII VS MTB Systemtherapie Status,"Einschränkung der Status für Systemtherapie","StructureDefinition/mii-pr-mtb-systemische-therapie","hl7.fhir.r4.core"
https://www.medizininformatik-initiative.de/fhir/ext/modul-mtb/ValueSet/mii-vs-mtb-therapiestatusgrund,2026.0.1,active,,MII_VS_MTB_Therapiestatusgrund,MII VS Therapiestatusgrund,"ValueSet zum Therapiestatusgrund","ConceptMap/mii-cm-mtb-therapiestatusgrund-obds,StructureDefinition/mii-pr-mtb-systemische-vortherapie,StructureDefinition/mii-pr-mtb-systemische-therapie,ConceptMap/mii-cm-mtb-therapiestatusgrund-sct","Internal"
https://www.medizininformatik-initiative.de/fhir/ext/modul-mtb/ValueSet/mii-vs-mtb-tumorausbreitung,2026.0.1,active,,MII_VS_MTB_Tumorausbreitung,MII VS Tumorausbreitung,"ValueSet zur Angabe der Tumorausbreitung","StructureDefinition/mii-pr-mtb-tumorausbreitung","SCT"
https://www.medizininformatik-initiative.de/fhir/ext/modul-mtb/ValueSet/mii-vs-mtb-who-grad-tumor-zns,2026.0.1,active,,MII_VS_MTB_WHO_Grad_Tumor_ZNS,MII VS WHO Grad Tumor ZNS,"ValueSet zum Grad eines Tumors nach WHO-Klassifikation der Tumoren des zentralen Nervensystems","StructureDefinition/mii-pr-mtb-who-grad-tumor-zns","SCT"
https://www.medizininformatik-initiative.de/fhir/ext/modul-mtb/ValueSet/mii-vs-mtb-zulassungsstatus,2026.0.1,active,,MII_VS_MTB_Zulassungsstatus,MII VS Zulassungsstatus,"ValueSet zum Zulassungsstatus","StructureDefinition/mii-ex-mtb-leitlinie-dokumentation","Internal"
https://www.medizininformatik-initiative.de/fhir/ext/modul-onko/ValueSet/mii-vs-onko-icdo3-morphologie,2026.0.3,active,,MII_VS_Onko_ICDO3_Morphologie,MII VS Onkologie ICD-O-3 Morphologie,"Codes für histologische Morphologie und Verhalten einer neoplastischen Veränderung","StructureDefinition/mii-pr-mtb-diagnose-primaertumor","THO"
https://www.medizininformatik-initiative.de/fhir/ext/modul-onko/ValueSet/mii-vs-onko-icdo3-topographie,2026.0.3,active,,MII_VS_Onko_ICDO3_Topographie,MII VS Onkologie ICD-O-3 Topographie,"Codes für Topographie einer neoplastischen Veränderung","StructureDefinition/mii-pr-mtb-diagnose-primaertumor","THO"
https://www.medizininformatik-initiative.de/fhir/ext/modul-onko/ValueSet/mii-vs-onko-primaertumor-diagnosesicherung,2026.0.3,active,,MII_VS_Onko_Primaertumor_Diagnosesicherung,MII VS Onkologie Primärtumor Diagnosesicherung,"Codes für Primärtumor Diagnosesicherung, d.h. die höchste erreichte Diagnosesicherheit der Diagnose.","StructureDefinition/mii-pr-mtb-diagnose-primaertumor","de.medizininformatikinitiative.kerndatensatz.onkologie"
https://www.medizininformatik-initiative.de/fhir/ext/modul-onko/ValueSet/mii-vs-onko-seitenlokalisation,2026.0.3,active,,MII_VS_Onko_Seitenlokalisation,MII VS Onkologie Primärtumor Seitenlokalisation,"Codes für Seitenlokalisation, d.h. organspezifische Angabe der betroffenen Seite.","StructureDefinition/mii-pr-mtb-diagnose-primaertumor","de.medizininformatikinitiative.kerndatensatz.onkologie"
https://www.medizininformatik-initiative.de/fhir/ext/modul-onko/ValueSet/mii-vs-onko-systemische-therapie-art,2026.0.3,active,,MII_VS_Onko_Systemische_Therapie_Art,MII VS Onkologie Systemische Therapie Art,"oBDS-spezifisches ValueSet für Klassifikation der Art der systemischen oder abwartenden Therapie","StructureDefinition/mii-pr-mtb-systemische-vortherapie,StructureDefinition/mii-pr-mtb-systemische-therapie","de.medizininformatikinitiative.kerndatensatz.onkologie"
https://www.medizininformatik-initiative.de/fhir/ext/modul-onko/ValueSet/mii-vs-onko-systemische-therapie-intention,2026.0.3,active,,MII_VS_Onko_Systemische_Therapie_Intention,MII VS Onkologie Systemische Therapie Intention,"Value Set für oBDS-Codes für Klassifikation von Intention der Systemischen Therapie","StructureDefinition/mii-pr-mtb-systemische-vortherapie,StructureDefinition/mii-pr-mtb-systemische-therapie","de.medizininformatikinitiative.kerndatensatz.onkologie"
https://www.medizininformatik-initiative.de/fhir/ext/modul-onko/ValueSet/mii-vs-onko-systemische-therapie-protokolle,2026.0.3,active,,MII_VS_Onko_Systemische_Therapie_Protokolle,MII VS Onkologie Systemische Therapie Protokolle,"oBDS-spezifisches ValueSet für Protokolle systemischer Therapien","StructureDefinition/mii-pr-mtb-therapieempfehlung-kombination,StructureDefinition/mii-pr-mtb-systemische-vortherapie,StructureDefinition/mii-pr-mtb-systemische-therapie","de.medizininformatikinitiative.kerndatensatz.onkologie"
https://www.medizininformatik-initiative.de/fhir/ext/modul-onko/ValueSet/mii-vs-onko-systemische-therapie-substanzen-unii,2026.0.3,active,,MII_VS_Onko_Systemische_Therapie_Substanzen_UNII,MII VS Onkologie Systemische Therapie Substanzen (UNII),"UNII-Codes für Substanzen der systemischen Therapie ohne ATC-Code. Ergänzung zum ATC-basierten Haupt-ValueSet für neuere und experimentelle onkologische Wirkstoffe.","StructureDefinition/mii-pr-mtb-systemtherapie-medication-statement","hl7.terminology.r4"
https://www.medizininformatik-initiative.de/fhir/ext/modul-onko/ValueSet/mii-vs-onko-therapieabweichung,2026.0.3,active,,MII_VS_Onko_Therapieabweichung,MII VS Onkologie Therapieabweichung,"oBDS-spezifisches ValueSet für die Therapieabweichung auf Wunsch des Patients.","StructureDefinition/mii-pr-mtb-therapieplan","de.medizininformatikinitiative.kerndatensatz.onkologie"
https://www.medizininformatik-initiative.de/fhir/ext/modul-onko/ValueSet/mii-vs-onko-therapieempfehlung-typ,2026.0.3,active,,MII_VS_Onko_Therapieempfehlung_Typ,MII VS Onkologie Therapieempfehlung Typ,"oBDS-spezifisches ValueSet für den Therapieempfehlungstyp","StructureDefinition/mii-pr-mtb-therapieplan,StructureDefinition/mii-pr-mtb-therapieempfehlung-kombination","de.medizininformatikinitiative.kerndatensatz.onkologie"
https://www.medizininformatik-initiative.de/fhir/ext/modul-onko/ValueSet/mii-vs-onko-therapieplanung-typ,2026.0.3,active,,MII_VS_Onko_Therapieplanung_Typ,MII VS Onkologie Therapieplanung Typ,"oBDS-spezifisches ValueSet für den Therapieplanungstyp","StructureDefinition/mii-pr-mtb-therapieplan","de.medizininformatikinitiative.kerndatensatz.onkologie"
https://www.medizininformatik-initiative.de/fhir/ext/modul-onko/ValueSet/mii-vs-onko-verlauf-fernmetastasen,2026.0.3,active,,MII_VS_Onko_Verlauf_Fernmetastasen,MII VS Onkologie Verlauf Fernmetastasen,"oBDS-spezifisches ValueSet für die Beurteilung der Fernmetastasen im Behandlungsverlauf","StructureDefinition/mii-pr-mtb-response-befund","de.medizininformatikinitiative.kerndatensatz.onkologie"
https://www.medizininformatik-initiative.de/fhir/ext/modul-onko/ValueSet/mii-vs-onko-verlauf-gesamtbeurteilung,2026.0.3,active,,MII_VS_Onko_Verlauf_Gesamtbeurteilung,MII VS Onkologie Verlauf Gesamtbeurteilung,"oBDS-spezifisches ValueSet für die Gesamtbeurteilung im Behandlungsverlauf","StructureDefinition/mii-pr-mtb-response-befund","de.medizininformatikinitiative.kerndatensatz.onkologie"
https://www.medizininformatik-initiative.de/fhir/ext/modul-onko/ValueSet/mii-vs-onko-verlauf-lymphknoten,2026.0.3,active,,MII_VS_Onko_Verlauf_Lymphknoten,MII VS Onkologie Verlauf Lymphknoten,"oBDS-spezifisches ValueSet für die Beurteilung der Lymphknoten im Behandlungsverlauf","StructureDefinition/mii-pr-mtb-response-befund","de.medizininformatikinitiative.kerndatensatz.onkologie"
https://www.medizininformatik-initiative.de/fhir/ext/modul-onko/ValueSet/mii-vs-onko-verlauf-primaertumor,2026.0.3,active,,MII_VS_Onko_Verlauf_Primaertumor,MII VS Onkologie Verlauf Primärtumor,"oBDS-spezifisches ValueSet für die Beurteilung des Primärtumors im Behandlungsverlauf","StructureDefinition/mii-pr-mtb-response-befund","de.medizininformatikinitiative.kerndatensatz.onkologie"
https://www.medizininformatik-initiative.de/fhir/ext/modul-onko/ValueSet/mii-vs-systemische-therapie-ende-grund,2026.0.3,active,,MII_VS_Onko_Systemische_Therapie_Ende_Grund,MII VS Onkologie Systemische Therapie Ende Grund,"oBDS-spezifisches ValueSet für Klassifikation des Grundes der Beendigung der Systemischen Therapie","StructureDefinition/mii-pr-mtb-systemische-vortherapie,StructureDefinition/mii-pr-mtb-systemische-therapie","de.medizininformatikinitiative.kerndatensatz.onkologie"
https://www.medizininformatik-initiative.de/fhir/ext/modul-onko/ValueSet/mii-vs-systemische-therapie-stellungzurop,2026.0.3,active,,MII_VS_Onko_Systemische_Therapie_StellungZurOp,MII VS Onkologie Systemische Therapie Stellung,"oBDS-spezifisches ValueSet für Klassifikation von Stellung zur OP","StructureDefinition/mii-pr-mtb-systemische-vortherapie,StructureDefinition/mii-pr-mtb-systemische-therapie","de.medizininformatikinitiative.kerndatensatz.onkologie"
