Source File	Size	loadResources	load	generateSnapshots	load-configure	scan	loadDepInfo	loadInfo	checkR4R4B	generateNarratives	validate	loadLists	checkConformanceResources	checkConformanceResources2	checkConformanceResources3	generateLogicalMaps	validateExpressions	scanForUsageStats	checkURLsUnique	processProvenanceDetails	translate	generate1	generate2	generateLogicals	makeDependencies	generateExampleZip	generateValidationPack	scanProfilesForR5	scanExamplesForR5
/fsh-generated/resources/ImplementationGuide-mii-ig-mtb.json	123444	-	0	0	0	0	0	0	23	188	0	0	0	0	0	0	0	3	0	0	55	550	1827	0	0	0	15	0	10
fsh-generated/resources/Bundle-mii-exa-mtb-kim-musterperson-bundle.json	260686	56	108	0	0	0	0	0	14	18194	0	0	0	0	0	0	0	1	0	0	40	806	14056	0	0	0	0	0	3
fsh-generated/resources/CapabilityStatement-mii-cps-mtb-capabilitystatement.json	88923	14	0	0	1	0	0	0	4	95	0	0	0	0	0	0	0	1	0	0	18	309	393	0	2	0	7	0	1
fsh-generated/resources/CarePlan-mii-exa-mtb-kim-musterperson-therapieplan.json	2351	3	0	0	0	0	0	0	1	326	0	0	0	0	0	0	0	0	0	0	16	21	95	0	0	0	0	0	0
fsh-generated/resources/CarePlan-mii-exa-mtb-therapieplan-kombinationstherapie.json	785	2	0	0	0	0	0	0	0	4	0	0	0	0	0	0	0	0	0	0	16	9	33	0	0	0	0	0	0
fsh-generated/resources/Claim-MII-EXA-MTB-Antrag-Kostenuebernahme-1.json	1382	2	0	0	0	0	0	0	0	6	0	0	0	0	0	0	0	0	0	0	15	13	60	0	0	0	0	0	0
fsh-generated/resources/Claim-MII-EXA-MTB-Antrag-Kostenuebernahme-Beispiel-1.json	1277	2	0	0	1	0	0	0	0	5	0	0	0	0	0	0	0	0	0	0	16	11	36	0	0	0	0	0	0
fsh-generated/resources/ClaimResponse-MII-EXA-MTB-Antwort-Kostenuebernahme-1.json	668	1	0	0	0	0	0	0	0	3	0	0	0	0	0	0	0	0	0	0	15	8	23	0	0	0	0	0	0
fsh-generated/resources/ClaimResponse-MII-EXA-MTB-Antwort-Kostenuebernahme-Beispiel-1.json	1594	2	0	0	0	0	0	0	0	4	0	0	0	0	0	0	0	0	0	0	16	10	24	0	0	0	0	0	0
fsh-generated/resources/ClinicalImpression-MII-EXA-MTB-Follow-Up-ClinicalImpression-1.json	1251	1	0	0	0	0	0	0	0	4	0	0	0	0	0	0	0	0	0	0	15	11	30	0	0	0	0	0	0
fsh-generated/resources/ClinicalImpression-MII-EXA-MTB-Follow-Up-ClinicalImpression-Beispiel-1.json	1276	2	0	0	0	0	0	0	0	3	0	0	0	0	0	0	0	0	0	0	16	11	29	0	0	0	0	0	0
fsh-generated/resources/ClinicalImpression-mii-exa-mtb-behandlungsepisode-1.json	4616	2	0	0	0	0	0	0	0	333	0	0	0	0	0	0	0	0	0	0	15	19	51	0	0	0	0	0	0
fsh-generated/resources/ClinicalImpression-mii-exa-mtb-kim-musterperson-behandlungsepisode.json	5657	2	0	0	0	0	0	0	1	6	0	0	0	0	0	0	0	0	0	0	16	33	194	0	0	0	0	0	0
fsh-generated/resources/CodeSystem-mii-cs-mtb-antrag-kostenuebernahme-antragsstadium.json	1136	2	0	0	0	0	0	0	0	7	0	0	1	0	0	0	0	0	0	0	16	11	100	0	0	0	0	0	0
fsh-generated/resources/CodeSystem-mii-cs-mtb-antwort-kostenuebernahme-ablehnungsgrund.json	1759	1	0	0	0	0	0	0	0	4	0	0	0	0	0	0	0	0	0	0	15	21	90	0	0	0	0	0	0
fsh-generated/resources/CodeSystem-mii-cs-mtb-antwort-kostenuebernahme-entscheidung.json	1045	2	0	0	0	0	0	0	0	2	0	0	1	0	0	0	0	0	0	0	15	13	78	0	0	0	0	0	0
fsh-generated/resources/CodeSystem-mii-cs-mtb-auftrag-begruendung.json	1486	1	0	0	0	0	0	0	0	3	0	0	0	0	0	0	0	0	0	0	14	12	78	0	0	0	1	0	0
fsh-generated/resources/CodeSystem-mii-cs-mtb-bestimmungsmethode-tumorzellgehalt.json	1069	1	0	0	0	0	0	0	0	2	0	0	0	0	0	0	0	0	0	0	14	16	71	0	0	0	0	0	0
fsh-generated/resources/CodeSystem-mii-cs-mtb-dosisdichte.json	1006	2	0	0	0	0	0	0	1	3	0	0	1	0	0	0	0	0	0	0	13	13	67	0	0	0	0	0	0
fsh-generated/resources/CodeSystem-mii-cs-mtb-empfehlung-evidenzgrad-zusatzverweis.json	2403	1	0	0	0	0	0	0	0	4	0	0	0	0	0	0	0	0	0	0	13	16	82	0	0	0	0	0	0
fsh-generated/resources/CodeSystem-mii-cs-mtb-empfehlung-evidenzgrad.json	5232	2	0	0	0	0	0	0	0	5	0	0	0	0	0	0	0	0	0	0	13	27	78	0	0	0	1	0	0
fsh-generated/resources/CodeSystem-mii-cs-mtb-empfehlung-status-begruendung.json	969	1	0	0	0	0	0	0	0	2	0	0	0	0	0	0	0	0	0	0	13	9	64	0	0	0	0	0	0
fsh-generated/resources/CodeSystem-mii-cs-mtb-follow-up-status.json	925	2	0	0	0	0	0	0	0	2	0	0	0	0	0	0	0	0	0	0	12	9	64	0	0	0	0	0	0
fsh-generated/resources/CodeSystem-mii-cs-mtb-genomic-analysis-method-type.json	1365	1	0	0	0	0	0	0	0	2	0	0	1	0	0	0	0	0	0	0	12	11	63	0	0	0	0	0	0
fsh-generated/resources/CodeSystem-mii-cs-mtb-genomicanalysis-devicefunction.json	1411	2	0	0	0	0	0	0	0	2	0	0	0	0	0	0	0	0	0	0	12	11	62	0	0	0	0	0	0
fsh-generated/resources/CodeSystem-mii-cs-mtb-leitlinienbehandlung-status.json	1538	1	0	0	0	0	0	0	1	2	0	0	0	0	0	0	0	0	0	0	13	12	61	0	0	0	1	0	1
fsh-generated/resources/CodeSystem-mii-cs-mtb-molekulare-biomarker.json	2699	2	0	0	0	0	0	0	0	4	0	0	0	0	0	0	0	0	0	0	13	20	68	0	0	0	0	0	0
fsh-generated/resources/CodeSystem-mii-cs-mtb-msi-method-type.json	971	1	0	0	1	0	0	0	0	2	0	0	0	0	0	0	0	0	0	0	13	9	58	0	0	0	0	0	0
fsh-generated/resources/CodeSystem-mii-cs-mtb-panel-capability.json	1688	2	0	0	0	0	0	0	0	3	0	0	1	0	0	0	0	0	0	0	12	13	60	0	0	0	0	0	0
fsh-generated/resources/CodeSystem-mii-cs-mtb-response-befund-beurteilung.json	1272	1	0	0	0	0	0	0	0	3	0	0	0	0	0	0	0	0	0	0	13	10	60	0	0	0	1	0	0
fsh-generated/resources/CodeSystem-mii-cs-mtb-response-befund-beurteilungsmethode.json	953	2	0	0	0	0	0	0	0	1	0	0	0	0	0	0	0	0	0	0	13	9	58	0	0	0	0	0	0
fsh-generated/resources/CodeSystem-mii-cs-mtb-therapiestatusgrund.json	3469	2	0	0	0	0	0	0	1	3	0	0	0	0	0	0	0	0	0	0	12	23	67	0	0	0	0	0	0
fsh-generated/resources/CodeSystem-mii-cs-mtb-zulassungsstatus.json	1295	2	0	0	0	0	0	0	0	3	0	0	1	0	0	0	0	0	0	0	12	10	57	0	0	0	0	0	0
fsh-generated/resources/ConceptMap-mii-cm-mtb-therapiestatusgrund-obds.json	4249	1	0	0	0	0	0	0	0	355	0	0	0	0	0	0	0	0	0	0	13	19	68	0	0	0	1	0	0
fsh-generated/resources/ConceptMap-mii-cm-mtb-therapiestatusgrund-sct.json	7180	2	0	0	0	0	0	0	1	326	0	0	0	0	0	0	0	0	0	0	12	31	63	0	0	0	1	0	0
fsh-generated/resources/Condition-PatientKimMusterperson-PrimaryDiagnosis-2.json	1677	3	0	0	0	0	0	0	0	3	0	0	0	0	0	0	0	0	0	0	12	11	35	0	0	0	0	0	0
fsh-generated/resources/Condition-mii-exa-mtb-kim-diagnose.json	2413	1	0	0	0	0	0	0	0	3	0	0	0	0	0	0	0	0	0	0	12	11	43	0	0	0	0	0	0
fsh-generated/resources/Coverage-MyCoverage.json	487	2	0	0	0	0	0	0	0	1	0	0	0	0	0	0	0	0	0	0	11	6	34	0	0	0	0	0	0
fsh-generated/resources/Device-MII-EXA-MTB-Device-LibraryPreparation-Kit-1.json	233	1	0	0	0	0	0	0	0	2	0	0	0	0	0	0	0	0	0	0	12	4	23	0	0	0	0	0	0
fsh-generated/resources/Device-MII-EXA-MTB-Device-Sequencer-1.json	508	1	0	0	0	0	0	0	0	3	0	0	0	0	0	0	0	0	0	0	12	7	20	0	0	0	0	0	0
fsh-generated/resources/Device-MII-EXA-MTB-Device-SequencingKit-1.json	229	1	0	0	0	0	0	0	0	2	0	0	0	0	0	0	0	0	0	0	11	4	8	0	0	0	0	0	0
fsh-generated/resources/DeviceDefinition-mii-dd-mtb-panel-archer-lung-v2.json	2003	2	0	0	0	0	0	0	0	7	0	0	0	0	0	0	0	0	0	0	12	14	14	0	0	0	0	0	0
fsh-generated/resources/DeviceDefinition-mii-dd-mtb-panel-basic-ngs.json	1922	1	0	0	1	0	0	0	0	5	0	0	0	0	0	0	0	0	0	0	12	13	9	0	0	0	0	0	0
fsh-generated/resources/DeviceDefinition-mii-dd-mtb-panel-cgp.json	1965	2	0	0	0	0	0	0	0	5	0	0	0	0	0	0	0	0	0	0	11	14	10	0	0	0	0	0	0
fsh-generated/resources/DeviceDefinition-mii-dd-mtb-panel-dhs-3501z.json	1899	2	0	0	0	0	0	0	0	4	0	0	0	0	0	0	0	0	0	0	11	13	9	0	0	0	0	0	0
fsh-generated/resources/DeviceDefinition-mii-dd-mtb-panel-master.json	2652	5	0	0	0	0	0	0	1	6	0	0	0	0	0	0	0	0	0	0	11	16	10	0	0	0	0	0	0
fsh-generated/resources/DeviceDefinition-mii-dd-mtb-panel-mh600plus.json	1782	2	0	0	0	0	0	0	0	4	0	0	0	0	0	0	0	0	0	0	11	12	9	0	0	0	0	0	0
fsh-generated/resources/DeviceDefinition-mii-dd-mtb-panel-ofa-plus.json	2857	3	0	0	0	0	0	0	0	4	0	0	0	0	0	0	0	0	0	0	12	16	10	0	0	0	0	0	0
fsh-generated/resources/DeviceDefinition-mii-dd-mtb-panel-ofa.json	2887	2	0	0	0	0	0	0	0	4	0	0	0	0	0	0	0	0	0	0	11	16	9	0	0	1	0	0	0
fsh-generated/resources/DeviceDefinition-mii-dd-mtb-panel-tcm-ngs.json	2831	2	0	0	0	0	0	0	0	5	0	0	0	0	0	0	0	0	0	0	12	16	10	0	0	0	0	0	0
fsh-generated/resources/DeviceDefinition-mii-dd-mtb-panel-tso-500.json	3137	2	0	0	0	0	0	0	0	5	0	0	0	0	0	0	0	0	0	0	12	17	10	0	0	0	0	0	0
fsh-generated/resources/DeviceDefinition-mii-dd-mtb-panel-wgs.json	1864	2	0	0	1	0	0	0	0	4	0	0	0	0	0	0	0	0	0	0	12	13	9	0	0	0	0	0	0
fsh-generated/resources/DiagnosticReport-PatientKimMusterperson-MolecularPathologyReport-1.json	675	1	0	0	0	0	0	0	0	2	0	0	0	0	0	0	0	0	0	0	12	7	23	0	0	0	0	0	0
fsh-generated/resources/DiagnosticReport-mii-exa-mtb-kim-musterperson-ngs-bericht.json	1175	2	0	0	0	0	0	0	0	2	0	0	0	0	0	0	0	0	0	0	12	10	28	0	0	0	0	0	0
fsh-generated/resources/EvidenceVariable-mii-exa-mtb-study-cldn6-evidence-variable-0.json	680	1	0	0	0	0	0	0	1	2	0	0	0	0	0	0	0	1	0	0	12	7	59	0	0	0	0	0	0
fsh-generated/resources/EvidenceVariable-mii-exa-mtb-study-cldn6-evidence-variable-1.json	680	2	0	0	0	0	0	0	0	2	0	0	0	0	0	0	0	0	0	0	13	6	62	0	0	0	0	0	0
fsh-generated/resources/Group-mii-exa-mtb-study-cldn6-comparison-group-0.json	404	1	0	0	0	0	0	0	0	3	0	0	0	0	0	0	0	0	0	0	12	5	19	0	0	0	0	0	0
fsh-generated/resources/Group-mii-exa-mtb-study-cldn6-comparison-group-1.json	424	1	0	0	0	0	0	0	0	1	0	0	0	0	0	0	0	0	0	0	13	5	12	0	0	0	0	0	0
fsh-generated/resources/Group-mii-exa-mtb-study-cldn6-eligibility-criteria-age-groups.json	817	1	0	0	0	0	0	0	0	1	0	0	0	0	0	0	0	0	0	0	12	6	7	0	0	0	0	0	0
fsh-generated/resources/Group-mii-exa-mtb-study-cldn6-eligibility-criteria.json	9187	2	0	0	0	0	0	0	0	2	0	0	0	0	0	0	0	0	0	0	12	45	24	0	0	0	0	0	0
fsh-generated/resources/Location-mii-exa-mtb-study-cldn6-location-0.json	318	1	0	0	0	0	0	0	0	2	0	0	0	0	0	0	0	0	0	0	13	5	9	0	0	0	0	0	0
fsh-generated/resources/Location-mii-exa-mtb-study-cldn6-location-1.json	325	1	0	0	0	0	0	0	0	1	0	0	0	0	0	0	0	0	0	0	12	4	7	0	0	0	0	0	0
fsh-generated/resources/Location-mii-exa-mtb-study-cldn6-location-10.json	325	2	0	0	0	0	0	0	0	1	0	0	0	0	0	0	0	0	0	0	12	5	7	0	0	0	0	0	0
fsh-generated/resources/Location-mii-exa-mtb-study-cldn6-location-11.json	362	3	0	0	0	0	0	0	0	1	0	0	0	0	0	0	0	0	0	0	12	5	7	0	0	0	0	0	0
fsh-generated/resources/Location-mii-exa-mtb-study-cldn6-location-2.json	356	1	0	0	1	0	0	0	0	2	0	0	0	0	0	0	0	0	0	0	12	4	7	0	0	0	0	0	0
fsh-generated/resources/Location-mii-exa-mtb-study-cldn6-location-3.json	340	1	0	0	0	0	0	0	0	1	0	0	0	0	0	0	0	0	0	0	11	5	7	0	0	0	0	0	0
fsh-generated/resources/Location-mii-exa-mtb-study-cldn6-location-4.json	378	1	0	0	0	0	0	0	0	1	0	0	0	0	0	0	0	0	0	0	12	5	7	0	0	0	0	0	0
fsh-generated/resources/Location-mii-exa-mtb-study-cldn6-location-5.json	321	1	0	0	0	0	0	0	0	1	0	0	0	0	0	0	0	0	0	0	12	4	7	0	0	0	0	0	0
fsh-generated/resources/Location-mii-exa-mtb-study-cldn6-location-6.json	390	1	0	0	0	0	0	0	0	1	0	0	0	0	0	0	0	0	0	0	11	5	7	0	0	0	0	0	0
fsh-generated/resources/Location-mii-exa-mtb-study-cldn6-location-7.json	324	1	0	0	0	0	0	0	0	1	0	0	0	0	0	0	0	0	0	0	12	5	7	0	0	0	0	0	0
fsh-generated/resources/Location-mii-exa-mtb-study-cldn6-location-8.json	344	1	0	0	0	0	0	0	0	2	0	0	0	0	0	0	0	0	0	0	11	4	7	0	0	0	0	0	0
fsh-generated/resources/Location-mii-exa-mtb-study-cldn6-location-9.json	376	2	0	0	0	0	0	0	0	1	0	0	0	0	0	0	0	0	0	0	12	5	7	0	0	0	0	0	0
fsh-generated/resources/MedicationRequest-mii-exa-mtb-medication-request-adavosertib.json	717	1	0	0	0	0	0	0	0	2	0	0	0	0	0	0	0	0	0	0	11	7	28	0	0	0	0	0	0
fsh-generated/resources/MedicationRequest-mii-exa-mtb-medication-request-camonsertib.json	717	1	0	0	0	0	0	0	0	2	0	0	0	0	0	0	0	0	0	0	12	6	16	0	0	0	0	0	0
fsh-generated/resources/MedicationRequest-mii-exa-mtb-medication-request-carboplatin.json	751	2	0	0	0	0	0	0	0	2	0	0	0	0	0	0	0	0	0	0	11	7	16	0	0	0	0	0	0
fsh-generated/resources/MedicationRequest-mii-exa-mtb-medication-request-cobimetinib.json	1581	1	0	0	0	0	0	0	1	2	0	0	0	0	0	0	0	0	0	0	12	9	17	0	0	0	0	0	0
fsh-generated/resources/MedicationRequest-mii-exa-mtb-medication-request-lunresertib.json	717	1	0	0	0	0	0	0	0	1	0	0	0	0	0	0	0	0	0	0	11	7	19	0	0	0	0	0	0
fsh-generated/resources/MedicationRequest-mii-exa-mtb-medication-request-mirvetuximab.json	2365	2	0	0	0	0	0	0	0	3	0	0	0	0	0	0	0	0	0	0	12	12	23	0	0	0	0	0	0
fsh-generated/resources/MedicationRequest-mii-exa-mtb-medication-request-trastuzumab-deruxtecan.json	2178	2	0	0	0	0	0	0	0	2	0	0	0	0	0	0	0	0	0	0	11	11	17	0	0	0	0	0	0
fsh-generated/resources/MedicationRequest-mii-exa-mtb-therapieempfehlung-dabrafenib.json	747	1	0	0	0	0	0	0	0	2	0	0	0	0	0	0	0	0	0	0	12	6	26	0	0	0	0	0	0
fsh-generated/resources/MedicationRequest-mii-exa-mtb-therapieempfehlung-trametinib.json	747	1	0	0	1	0	0	0	0	2	0	0	0	0	0	0	0	0	0	0	13	7	102	0	0	0	0	0	0
fsh-generated/resources/MedicationStatement-MII-EXA-MTB-Systemische-Therapie-Medication-1.json	1646	2	0	0	0	0	0	0	0	647	0	0	0	0	0	0	0	0	0	0	12	13	44	0	0	0	0	0	1
fsh-generated/resources/MedicationStatement-MII-EXA-MTB-Systemische-Therapie-Medication-2.json	1751	1	0	0	0	0	0	0	0	628	0	0	0	0	0	0	0	0	0	0	13	12	26	0	0	0	0	0	0
fsh-generated/resources/MedicationStatement-MII-EXA-MTB-Systemische-Therapie-Medication-3.json	1751	2	0	0	0	0	0	0	0	642	0	0	0	0	0	0	0	0	0	0	13	11	26	0	0	0	0	0	0
fsh-generated/resources/MedicationStatement-MII-EXA-MTB-Systemische-Therapie-Medication-4.json	1646	2	0	0	0	0	0	0	1	636	0	0	0	0	0	0	0	0	0	0	13	12	26	0	0	0	0	0	0
fsh-generated/resources/MedicationStatement-MII-EXA-MTB-Systemische-Therapie-Medication-5.json	1751	1	0	0	0	0	0	0	0	641	0	0	0	0	0	0	0	0	0	0	13	13	29	0	0	0	0	0	0
fsh-generated/resources/MedicationStatement-MII-EXA-MTB-Systemische-Therapie-Medication-6.json	1646	1	0	0	0	0	0	0	0	625	0	0	0	0	0	0	0	0	0	0	14	12	24	0	0	0	0	0	0
fsh-generated/resources/MedicationStatement-MII-EXA-MTB-Systemische-Therapie-Medication-Beispiel-1.json	1796	2	0	0	0	0	0	0	0	654	0	0	0	0	0	0	0	0	0	0	36	12	24	0	0	0	0	0	0
fsh-generated/resources/MedicationStatement-MTBChemo1MedicationStatement1-1.json	1162	1	0	0	0	0	0	0	0	972	0	0	0	0	0	0	0	0	0	0	15	9	22	0	0	0	0	0	0
fsh-generated/resources/MedicationStatement-MTBChemo1MedicationStatement1-2.json	1161	2	0	0	0	0	0	0	0	980	0	0	0	0	0	0	0	0	0	0	14	10	21	0	0	0	0	0	0
fsh-generated/resources/MedicationStatement-MTBChemo1MedicationStatement1.json	573	1	0	0	0	0	0	0	0	1	0	0	0	0	0	0	0	0	0	0	14	6	14	0	0	0	0	0	0
fsh-generated/resources/MedicationStatement-MTBChemo1MedicationStatement2-1.json	1162	2	0	0	0	0	0	0	0	627	0	0	0	0	0	0	0	0	0	0	13	9	23	0	0	0	0	0	0
fsh-generated/resources/MedicationStatement-MTBChemo1MedicationStatement2-2.json	1161	1	0	0	0	0	0	0	0	644	0	0	0	0	0	0	0	0	0	0	14	9	21	0	0	0	0	0	0
fsh-generated/resources/MedicationStatement-MTBChemo1MedicationStatement2.json	573	1	0	0	0	0	0	0	0	1	0	0	0	0	0	0	0	0	0	0	13	6	14	0	0	0	0	0	0
fsh-generated/resources/MedicationStatement-MTBChemo1MedicationStatement3-1.json	1162	2	0	0	0	0	0	0	0	637	0	0	0	0	0	0	0	0	0	0	14	9	20	0	0	0	0	0	0
fsh-generated/resources/MedicationStatement-MTBChemo1MedicationStatement3-2.json	1161	1	0	0	0	0	0	0	1	641	0	0	0	0	0	0	0	0	0	0	13	9	20	0	0	0	0	0	0
fsh-generated/resources/MedicationStatement-MTBChemo1MedicationStatement3.json	573	2	0	0	0	0	0	0	0	2	0	0	0	0	0	0	0	0	0	0	14	7	16	0	0	0	0	0	0
fsh-generated/resources/MedicationStatement-MTBChemo1MedicationStatement4-1.json	1162	1	0	0	0	0	1	0	0	641	0	0	0	0	0	0	0	0	0	0	13	9	21	0	0	0	0	0	0
fsh-generated/resources/MedicationStatement-MTBChemo1MedicationStatement4-2.json	1161	1	0	0	0	0	0	0	0	711	0	0	0	0	0	0	0	0	0	0	14	9	22	0	0	0	0	0	0
fsh-generated/resources/MedicationStatement-MTBChemo1MedicationStatement4.json	573	2	0	0	0	0	0	0	0	1	0	0	0	0	0	0	0	0	0	0	14	6	16	0	0	0	0	0	0
fsh-generated/resources/MedicationStatement-MTBChemo1MedicationStatement5-1.json	1162	1	0	0	1	0	0	0	0	648	0	0	0	0	0	0	0	0	0	0	14	9	22	0	0	0	0	0	0
fsh-generated/resources/MedicationStatement-MTBChemo1MedicationStatement5-2.json	1161	2	0	0	0	0	0	0	0	638	0	0	0	0	0	0	0	0	0	0	13	9	21	0	0	0	0	0	0
fsh-generated/resources/MedicationStatement-MTBChemo1MedicationStatement5.json	573	1	0	0	0	0	0	0	0	1	0	0	0	0	0	0	0	0	0	0	14	7	15	0	0	0	0	0	0
fsh-generated/resources/MedicationStatement-MTBChemo1MedicationStatement6-1.json	1162	1	0	0	0	0	0	0	0	625	0	0	0	0	0	0	0	0	0	0	13	9	20	0	0	0	0	0	0
fsh-generated/resources/MedicationStatement-MTBChemo1MedicationStatement6-2.json	1161	2	0	0	0	0	0	0	0	635	0	0	0	0	0	0	0	0	0	0	14	9	19	0	0	0	0	0	0
fsh-generated/resources/MedicationStatement-MTBChemo1MedicationStatement6.json	573	1	0	0	0	0	0	0	0	1	0	0	0	0	0	0	0	0	0	0	13	6	14	0	0	0	0	0	0
fsh-generated/resources/MedicationStatement-MTBChemo2MedicationStatement1.json	1379	2	0	0	0	0	0	0	0	640	0	0	0	0	0	0	0	0	0	0	13	10	22	0	0	0	0	0	0
fsh-generated/resources/MedicationStatement-MTBChemo2MedicationStatement2.json	1379	1	0	0	0	0	0	0	0	702	0	0	0	0	0	0	0	0	0	0	14	11	23	0	0	0	0	0	0
fsh-generated/resources/MedicationStatement-MTBChemo2MedicationStatement3.json	1379	2	0	0	0	0	0	0	1	636	0	0	0	0	0	0	0	0	0	0	13	10	21	0	0	0	0	0	0
fsh-generated/resources/MedicationStatement-MTBChemo2MedicationStatement4.json	1379	1	0	0	0	0	0	0	0	642	0	0	0	0	0	0	0	0	0	0	14	10	20	0	0	0	0	0	0
fsh-generated/resources/MedicationStatement-MTBChemo2MedicationStatement5.json	1379	2	0	0	0	0	0	0	0	638	0	0	0	0	0	0	0	0	0	0	14	10	22	0	0	0	0	0	0
fsh-generated/resources/MedicationStatement-MTBChemo2MedicationStatement6.json	1379	1	0	0	0	0	0	0	0	645	0	0	0	0	0	0	0	0	0	0	14	10	22	0	0	0	0	0	0
fsh-generated/resources/NamingSystem-mii-ns-mtb-nct.json	431	1	10	0	0	0	0	0	0	4	647	0	0	0	0	0	0	0	0	0	14	9	12	0	0	0	0	0	0
fsh-generated/resources/NamingSystem-mii-ns-studie-drks.json	439	2	3	0	0	0	0	0	0	1	488	0	0	0	0	0	0	0	0	0	14	7	13	0	0	0	0	0	0
fsh-generated/resources/NamingSystem-mii-ns-studie-eudract.json	472	1	3	0	0	0	0	0	0	2	480	0	0	0	0	0	0	0	0	0	14	8	10	0	0	0	0	0	0
fsh-generated/resources/Observation-MII-EXA-MTB-BRCAness-1.json	1736	1	0	0	0	0	0	0	0	666	0	0	0	0	0	0	0	0	0	0	14	10	25	0	0	0	0	0	0
fsh-generated/resources/Observation-MII-EXA-MTB-Copy-Number-Variant-1.json	4618	2	0	0	0	0	0	0	1	6439	0	0	0	0	0	0	0	0	0	0	13	20	18	0	0	0	0	0	0
fsh-generated/resources/Observation-MII-EXA-MTB-DNA-Fusion-1.json	3829	2	0	0	1	0	0	0	0	1277	0	0	0	0	0	0	0	0	0	0	13	16	16	0	0	0	0	0	0
fsh-generated/resources/Observation-MII-EXA-MTB-Diagnostische-Implikation-1.json	1527	1	0	0	0	0	0	0	0	2	0	0	0	0	0	0	0	0	0	0	13	9	17	0	0	0	0	0	0
fsh-generated/resources/Observation-MII-EXA-MTB-Einfache-Variante.json	4765	2	0	0	0	0	0	0	0	4536	0	0	0	0	0	0	0	0	0	0	14	19	19	0	0	0	0	0	0
fsh-generated/resources/Observation-MII-EXA-MTB-HRD-Score-1.json	2340	2	0	0	0	0	0	0	0	2	0	0	0	0	0	0	0	0	0	0	13	12	21	0	0	0	0	0	0
fsh-generated/resources/Observation-MII-EXA-MTB-Mikrosatelliteninstabilitaet-1.json	1604	1	0	0	0	0	0	0	1	824	0	0	0	0	0	0	0	0	0	0	12	9	21	0	0	0	0	0	0
fsh-generated/resources/Observation-MII-EXA-MTB-Mutationslast-1.json	1376	1	0	0	0	0	0	0	0	626	0	0	0	0	0	0	0	0	0	0	13	9	18	0	0	0	0	0	0
fsh-generated/resources/Observation-MII-EXA-MTB-Ploidie-1.json	1115	2	0	0	0	0	0	0	0	2	0	0	0	0	0	0	0	0	0	0	13	7	11	0	0	0	0	0	0
fsh-generated/resources/Observation-MII-EXA-MTB-RNA-Fusion-1.json	6087	2	0	0	0	0	0	0	0	2569	0	0	0	0	0	0	0	0	0	0	12	24	26	0	0	0	0	0	0
fsh-generated/resources/Observation-MII-EXA-MTB-Response-Befund-1.json	1904	1	0	0	0	0	0	0	0	2	0	0	0	0	0	0	0	0	0	0	13	11	21	0	0	0	0	0	0
fsh-generated/resources/Observation-MII-EXA-MTB-Response-Befund-2.json	1903	2	0	0	0	0	0	0	0	3	0	0	0	0	0	0	0	0	0	0	13	11	22	0	0	0	0	0	0
fsh-generated/resources/Observation-MII-EXA-MTB-Response-Befund-Beispiel-1.json	1865	2	0	0	0	0	0	0	1	2	0	0	0	0	0	0	0	0	0	0	13	11	26	0	0	0	0	0	0
fsh-generated/resources/Observation-MTBObservationCA125-1.json	880	1	0	0	0	0	0	0	0	637	0	0	0	0	0	0	0	0	0	0	12	7	21	0	0	0	0	0	0
fsh-generated/resources/Observation-MTBObservationCA125-2.json	880	1	0	0	0	0	0	0	0	825	0	0	0	0	0	0	0	0	0	0	13	6	18	0	0	0	0	0	0
fsh-generated/resources/Observation-MTBObservationCA125-3.json	880	2	0	0	0	0	0	0	0	634	0	0	0	0	0	0	0	0	0	0	13	6	16	0	0	0	0	0	0
fsh-generated/resources/Observation-MTBObservationCA125-4.json	880	1	0	0	0	0	0	0	0	632	0	0	0	0	0	0	0	0	0	0	12	6	15	0	0	0	0	0	0
fsh-generated/resources/Observation-MTBObservationCA125-5.json	880	1	0	0	0	0	0	0	0	640	0	0	0	0	0	0	0	0	0	0	12	6	14	0	0	0	0	0	1
fsh-generated/resources/Observation-MTBObservationCA125-6.json	880	2	0	0	0	0	0	0	0	636	0	0	0	0	0	0	0	0	0	0	13	5	15	0	0	0	0	0	0
fsh-generated/resources/Observation-PatientKimMusterperson-MolecularPathologyInterpret-0a-Her2neu.json	1898	1	0	0	0	0	0	0	0	2	0	0	0	0	0	0	0	0	0	0	12	11	20	0	0	0	0	0	0
fsh-generated/resources/Observation-PatientKimMusterperson-MolecularPathologyObs-FISH-0a-Her2neu-.json	2700	2	0	0	0	0	0	0	0	2	0	0	0	0	0	0	0	0	0	0	13	13	20	0	0	0	0	0	0
fsh-generated/resources/Observation-PatientKimMusterperson-MolecularPathologyObservation-0a-Her2neu.json	1966	2	0	0	0	0	0	0	0	3	0	0	0	0	0	0	0	0	0	0	12	10	18	0	0	0	0	0	0
fsh-generated/resources/Observation-PatientKimMusterperson-MolecularPathologyObservation-0b-Folat-Ra.json	1900	1	0	0	0	0	0	0	1	781	0	0	0	0	0	0	0	0	0	0	12	11	18	0	0	0	0	0	0
fsh-generated/resources/Observation-PatientKimMusterperson-MolecularPathologyObservation-0c-Trop2.json	1968	2	0	0	0	0	0	0	0	2	0	0	0	0	0	0	0	0	0	0	13	10	19	0	0	0	0	0	0
fsh-generated/resources/Observation-PatientKimMusterperson-MolecularPathologyObservation-1-CA125.json	2067	2	0	0	0	0	0	0	0	2	0	0	0	0	0	0	0	0	0	0	12	11	20	0	0	0	0	0	0
fsh-generated/resources/Observation-PatientKimMusterperson-MolecularPathologyObservation-2-Pax8.json	1431	1	0	0	0	0	0	0	0	1	0	0	0	0	0	0	0	0	0	0	11	9	17	0	0	0	0	0	0
fsh-generated/resources/Observation-PatientKimMusterperson-MolecularPathologyObservation-3-WT1.json	2057	2	0	0	0	0	0	0	0	2	0	0	0	0	0	0	0	0	0	0	12	11	19	0	0	0	0	0	0
fsh-generated/resources/Observation-PatientKimMusterperson-MolecularPathologyObservation-4-ER.json	1336	1	0	0	1	0	0	0	0	640	0	0	0	0	0	0	0	0	0	0	12	9	22	0	0	0	0	0	0
fsh-generated/resources/Observation-PatientKimMusterperson-MolecularPathologyObservation-5-PR.json	1340	2	0	0	0	0	0	0	0	641	0	0	0	0	0	0	0	0	0	0	11	9	23	0	0	0	0	0	0
fsh-generated/resources/Observation-PatientKimMusterperson-MolecularPathologyObservation-6-p53.json	1437	1	0	0	0	0	0	0	1	2	0	0	0	0	0	0	0	0	0	0	12	9	20	0	0	0	0	0	0
fsh-generated/resources/Observation-PatientKimMusterperson-MolecularPathologyObservation-7-p53.json	1437	2	0	0	0	0	0	0	0	2	0	0	0	0	0	0	0	0	0	0	11	8	26	0	0	0	0	0	0
fsh-generated/resources/Observation-PatientKimMusterperson-Observation-1.json	669	1	0	0	0	0	0	0	0	1	0	0	0	0	0	0	0	0	0	0	12	6	14	0	0	0	0	0	0
fsh-generated/resources/Observation-PatientKimMusterperson-Observation-10.json	1292	1	0	0	0	0	0	0	0	1	0	0	0	0	0	0	0	0	0	0	12	6	16	0	0	0	0	0	0
fsh-generated/resources/Observation-PatientKimMusterperson-Observation-11.json	564	2	0	0	0	0	0	0	0	2	0	0	0	0	0	0	0	0	0	0	11	5	17	0	0	0	0	0	0
fsh-generated/resources/Observation-PatientKimMusterperson-Observation-12.json	627	1	0	0	0	0	0	0	0	1	0	0	0	0	0	0	0	0	0	0	12	5	16	0	0	0	0	0	0
fsh-generated/resources/Observation-PatientKimMusterperson-Observation-13.json	1050	2	0	0	0	0	0	0	0	1	0	0	0	0	0	0	0	0	0	0	11	6	16	0	0	0	0	0	0
fsh-generated/resources/Observation-PatientKimMusterperson-Observation-14.json	1076	1	0	0	0	0	0	0	0	0	0	0	0	0	0	0	0	0	0	0	12	6	19	0	0	0	0	0	0
fsh-generated/resources/Observation-PatientKimMusterperson-Observation-15.json	764	1	0	0	0	0	0	0	0	1	0	0	0	0	0	0	0	0	0	0	12	5	16	0	0	0	0	0	0
fsh-generated/resources/Observation-PatientKimMusterperson-Observation-16.json	523	2	0	0	0	0	0	0	0	636	0	0	0	0	0	0	0	0	0	0	11	5	17	0	0	0	0	0	0
fsh-generated/resources/Observation-PatientKimMusterperson-Observation-17.json	1060	1	0	0	1	0	0	0	0	1	0	0	0	0	0	0	0	0	0	0	12	7	18	0	0	0	0	0	0
fsh-generated/resources/Observation-PatientKimMusterperson-Observation-18.json	617	1	0	0	0	0	0	0	0	1	0	0	0	0	0	0	0	0	0	0	12	5	17	0	0	0	0	0	0
fsh-generated/resources/Observation-PatientKimMusterperson-Observation-19.json	641	2	0	0	0	0	0	0	0	1	0	0	0	0	0	0	0	0	0	0	12	4	18	0	0	0	0	0	0
fsh-generated/resources/Observation-PatientKimMusterperson-Observation-2.json	626	1	0	0	0	0	0	0	0	1	0	0	0	0	0	0	0	0	0	0	11	5	15	0	0	0	0	0	0
fsh-generated/resources/Observation-PatientKimMusterperson-Observation-20.json	584	1	0	0	0	0	0	0	1	1	0	0	0	0	0	0	0	0	0	0	12	5	13	0	0	0	0	0	0
fsh-generated/resources/Observation-PatientKimMusterperson-Observation-21.json	778	2	0	0	0	0	0	0	0	1	0	0	0	0	0	0	0	0	0	0	12	5	13	0	0	0	0	0	0
fsh-generated/resources/Observation-PatientKimMusterperson-Observation-22.json	808	1	0	0	0	0	0	0	0	1	0	0	0	0	0	0	0	0	0	0	11	6	12	0	0	0	0	0	0
fsh-generated/resources/Observation-PatientKimMusterperson-Observation-23.json	575	2	0	0	0	0	0	0	0	1	0	0	0	0	0	0	0	0	0	0	12	4	13	0	0	0	0	0	0
fsh-generated/resources/Observation-PatientKimMusterperson-Observation-24.json	564	1	0	0	0	0	0	0	0	0	0	0	0	0	0	0	0	0	0	0	12	5	13	0	0	0	0	0	0
fsh-generated/resources/Observation-PatientKimMusterperson-Observation-25.json	1013	1	0	0	0	0	0	0	0	1	0	0	0	0	0	0	0	0	0	0	12	6	13	0	0	0	0	0	0
fsh-generated/resources/Observation-PatientKimMusterperson-Observation-26.json	715	2	0	0	0	0	0	0	0	1	0	0	0	0	0	0	0	0	0	0	12	5	14	0	0	0	0	0	0
fsh-generated/resources/Observation-PatientKimMusterperson-Observation-27.json	1117	1	0	0	1	0	0	0	0	1	0	0	0	0	0	0	0	0	0	0	12	6	14	0	0	0	0	0	0
fsh-generated/resources/Observation-PatientKimMusterperson-Observation-29.json	632	2	0	0	0	0	0	0	0	1	0	0	0	0	0	0	0	0	0	0	12	5	14	0	0	0	0	0	0
fsh-generated/resources/Observation-PatientKimMusterperson-Observation-3.json	563	1	0	0	0	0	0	0	0	1	0	0	0	0	0	0	0	0	0	0	12	4	13	0	0	0	0	0	0
fsh-generated/resources/Observation-PatientKimMusterperson-Observation-30.json	888	1	0	0	0	0	0	0	0	1	0	0	0	0	0	0	0	0	0	0	12	6	13	0	0	0	0	0	0
fsh-generated/resources/Observation-PatientKimMusterperson-Observation-4.json	1243	2	0	0	0	0	0	0	0	1	0	0	0	0	0	0	0	0	0	0	13	7	13	0	0	0	0	0	0
fsh-generated/resources/Observation-PatientKimMusterperson-Observation-5.json	1214	1	0	0	0	0	0	0	0	1	0	0	0	0	0	0	0	0	0	0	12	7	14	0	0	0	0	0	0
fsh-generated/resources/Observation-PatientKimMusterperson-Observation-6.json	563	2	0	0	0	0	0	0	0	1	0	0	0	0	0	0	0	0	0	0	12	5	13	0	0	0	0	0	0
fsh-generated/resources/Observation-PatientKimMusterperson-Observation-7.json	626	1	0	0	0	0	0	0	0	1	0	0	0	0	0	0	0	0	0	0	12	5	12	0	0	0	0	0	0
fsh-generated/resources/Observation-PatientKimMusterperson-Observation-8.json	1119	1	0	0	0	0	0	0	1	0	0	0	0	0	0	0	0	0	0	0	12	6	12	0	0	0	0	0	0
fsh-generated/resources/Observation-PatientKimMusterperson-Observation-9.json	1227	2	0	0	0	0	0	0	0	1	0	0	0	0	0	0	0	1	0	0	13	8	12	0	0	0	0	0	0
fsh-generated/resources/Observation-mii-exa-mtb-kim-musterperson-CNVariante-CCNE1.json	2308	1	0	0	0	0	0	0	0	1280	0	0	0	0	0	0	0	0	0	0	12	11	17	0	0	0	0	0	0
fsh-generated/resources/Observation-mii-exa-mtb-kim-musterperson-DiagnostischeImplikation-TP53.json	1498	2	0	0	0	0	0	0	0	332	0	0	0	0	0	0	0	0	0	0	12	10	17	0	0	0	0	0	0
fsh-generated/resources/Observation-mii-exa-mtb-kim-musterperson-EinfacheVariante-PIK3R1.json	1934	2	0	0	1	0	0	0	0	643	0	0	0	0	0	0	0	0	0	0	12	9	15	0	0	0	1	0	0
fsh-generated/resources/Observation-mii-exa-mtb-kim-musterperson-EinfacheVariante-TP53.json	1929	1	0	0	0	0	0	0	0	639	0	0	0	0	0	0	0	0	0	0	13	10	15	0	0	0	0	0	0
fsh-generated/resources/Observation-mii-exa-mtb-kim-musterperson-TherapeutischeImplikation-PIK3R1.json	2388	2	0	0	0	0	0	0	1	3	0	0	0	0	0	0	0	0	0	0	12	12	18	0	0	0	0	0	0
fsh-generated/resources/Observation-mii-exa-mtb-kim-musterperson-aufklaerung.json	737	1	0	0	0	0	0	0	0	1	0	0	0	0	0	0	0	0	0	0	12	7	11	0	0	0	0	0	0
fsh-generated/resources/Observation-mii-exa-mtb-kim-oncotree.json	726	2	0	0	0	0	0	0	0	649	0	0	0	0	0	0	0	0	0	0	12	6	16	0	0	0	0	0	0
fsh-generated/resources/Observation-mii-exa-mtb-kim-tumorausbreitung.json	887	1	0	0	0	0	0	0	0	312	0	0	0	0	0	0	0	0	0	0	13	7	15	0	0	0	0	0	0
fsh-generated/resources/Observation-mii-exa-mtb-kim-tumorzellgehalt-aszites.json	844	1	0	0	0	0	0	0	0	636	0	0	0	0	0	0	0	0	0	0	15	7	8	0	0	0	0	0	0
fsh-generated/resources/Observation-mii-exa-mtb-who-grad-tumor-zns-1.json	824	2	0	0	0	0	0	0	0	1	0	0	0	0	0	0	0	0	0	0	13	7	19	0	0	0	0	0	0
fsh-generated/resources/Observation-mii-exa-onko-allgemeiner-leistungszustand-ecog.json	878	1	0	0	0	0	0	0	0	1	0	0	0	0	0	0	0	0	0	0	12	8	18	0	0	0	0	0	0
fsh-generated/resources/Organization-MyHospital.json	507	1	0	0	0	0	0	0	0	0	0	0	0	0	0	0	0	0	0	0	13	4	9	0	0	0	0	0	0
fsh-generated/resources/Organization-MyInsurer.json	515	1	0	0	0	0	0	0	0	1	0	0	0	0	0	0	0	0	0	0	12	4	7	0	0	0	0	0	0
fsh-generated/resources/Organization-mii-exa-mtb-study-sponsor-biontech.json	360	1	0	0	0	0	0	0	0	1	0	0	0	0	0	0	0	0	0	0	13	4	7	0	0	0	0	0	0
fsh-generated/resources/Patient-PatientKimMusterperson.json	195	1	0	0	0	0	0	0	0	0	0	0	0	0	0	0	0	0	0	0	12	5	6	0	0	0	0	0	0
fsh-generated/resources/Patient-mii-exa-mtb-patient.json	159	1	0	0	0	0	0	0	0	1	0	0	0	0	0	0	0	0	0	0	13	3	7	0	0	0	0	0	0
fsh-generated/resources/PractitionerRole-mii-exa-mtb-study-investigator-biontech.json	447	1	0	0	0	0	0	0	0	1	0	0	0	0	0	0	0	0	0	0	12	5	8	0	0	0	0	0	0
fsh-generated/resources/Procedure-MII-EXA-MTB-GenomicStudy-1.json	843	2	0	0	0	0	0	0	1	1	0	0	0	0	0	0	0	0	0	0	13	7	37	0	0	0	0	0	0
fsh-generated/resources/Procedure-MII-EXA-MTB-GenomicStudyAnalysis-1.json	3521	1	0	0	0	0	0	0	0	4	0	0	0	0	0	0	0	0	0	0	13	14	30	0	0	0	0	0	0
fsh-generated/resources/Procedure-MII-EXA-MTB-Systemische-Therapie-1.json	1649	2	0	0	1	0	0	0	0	2	0	0	0	0	0	0	0	0	0	0	13	10	17	0	0	0	0	0	0
fsh-generated/resources/Procedure-MII-EXA-MTB-Systemtherapie-Beispiel-1.json	1914	1	0	0	0	0	0	0	0	2	0	0	0	0	0	0	0	0	0	0	13	10	22	0	0	0	0	0	0
fsh-generated/resources/Procedure-MTBChemo1Procedure.json	1513	1	0	0	0	0	0	0	0	329	0	0	0	0	0	0	0	0	0	0	13	9	14	0	0	0	0	0	0
fsh-generated/resources/Procedure-MTBChemo2Procedure.json	1597	2	0	0	0	0	0	0	1	2	0	0	0	0	0	0	0	0	0	0	12	9	19	0	0	0	0	0	1
fsh-generated/resources/Procedure-PatientKimMusterperson-Procedure-1.json	1123	1	0	0	0	0	0	0	0	1	0	0	0	1	0	0	0	0	0	0	12	8	13	0	0	0	0	0	0
fsh-generated/resources/Procedure-PatientKimMusterperson-Procedure-2.json	1123	2	0	0	0	0	0	0	0	1	0	0	0	0	0	0	0	0	0	0	13	7	14	0	0	0	0	0	0
fsh-generated/resources/Procedure-PatientKimMusterperson-Procedure-3.json	1123	1	0	0	0	0	0	0	0	1	0	0	0	0	0	0	0	0	0	0	13	8	14	0	0	0	0	0	0
fsh-generated/resources/Procedure-PatientKimMusterperson-Procedure-4.json	1123	2	0	0	0	0	0	0	0	1	0	0	0	0	0	0	0	0	0	0	12	9	13	0	0	0	0	0	0
fsh-generated/resources/Procedure-PatientKimMusterperson-Procedure-4a.json	1103	1	0	0	0	0	0	0	0	2	0	0	0	0	0	0	0	0	0	0	12	7	18	0	0	1	0	0	0
fsh-generated/resources/Procedure-PatientKimMusterperson-Procedure-4b.json	1051	2	0	0	0	0	0	0	0	1	0	0	0	0	0	0	0	0	0	0	13	8	18	0	0	0	0	0	0
fsh-generated/resources/Procedure-PatientKimMusterperson-Procedure-4c.json	1031	1	0	0	0	0	0	0	0	1	0	0	0	0	0	0	0	0	0	0	12	8	18	0	0	0	0	0	0
fsh-generated/resources/Procedure-PatientKimMusterperson-Procedure-4d.json	1107	2	0	0	0	0	0	0	0	1	0	0	0	0	0	0	0	0	0	0	12	7	18	0	0	0	0	0	0
fsh-generated/resources/Procedure-PatientKimMusterperson-Procedure-5.json	1123	1	0	0	1	0	0	0	0	1	0	0	0	0	0	0	0	0	0	0	12	8	14	0	0	0	0	0	0
fsh-generated/resources/Procedure-PatientKimMusterperson-Procedure-6.json	1123	2	0	0	0	0	0	0	0	1	0	0	0	0	0	0	0	0	0	0	12	7	15	0	0	0	0	0	0
fsh-generated/resources/Procedure-PatientKimMusterperson-Procedure-7.json	1123	2	0	0	0	0	0	0	0	1	0	0	0	0	0	0	0	0	0	0	13	7	16	0	0	0	0	0	0
fsh-generated/resources/Procedure-PatientKimMusterperson-SystemicTherapy-1.json	1679	1	0	0	0	0	0	0	1	658	0	0	0	0	0	0	0	0	0	0	12	9	16	0	0	0	0	0	0
fsh-generated/resources/Procedure-PatientKimMusterperson-SystemicTherapy-2.json	1676	3	0	0	0	0	0	0	0	1	0	0	0	0	0	0	0	0	0	0	12	10	18	0	0	0	0	0	0
fsh-generated/resources/Procedure-PatientKimMusterperson-SystemicTherapy-3.json	1651	1	0	0	0	0	0	0	0	2	0	0	0	0	0	0	0	0	0	0	12	12	17	0	0	0	0	0	0
fsh-generated/resources/Procedure-mii-exa-mtb-kim-musterperson-genomic-study-analysis-1.json	2015	2	0	0	0	0	0	0	0	1	0	0	0	0	0	0	0	0	0	0	13	11	19	0	0	0	0	0	0
fsh-generated/resources/Procedure-mii-exa-mtb-kim-musterperson-genomic-study-analysis-2.json	545	1	0	0	0	0	0	0	0	1	0	0	0	0	0	0	0	0	0	0	12	6	17	0	0	0	0	0	0
fsh-generated/resources/Procedure-mii-exa-mtb-kim-musterperson-genomic-study-analysis-3.json	983	2	0	0	0	1	0	0	0	1	0	0	0	0	0	0	0	0	0	0	13	7	14	0	0	0	0	0	0
fsh-generated/resources/Procedure-mii-exa-mtb-kim-musterperson-genomic-study.json	1263	1	0	0	0	0	0	0	0	1	0	0	0	0	0	0	0	0	0	0	12	9	23	0	0	0	0	0	0
fsh-generated/resources/RequestGroup-mii-exa-mtb-request-group-adavosertib-carboplatin.json	1703	2	0	0	0	0	0	0	0	2	0	0	0	0	0	0	0	0	0	0	12	10	68	0	0	0	0	0	0
fsh-generated/resources/RequestGroup-mii-exa-mtb-request-group-lunresertib-camonsertib.json	1690	1	0	0	1	0	0	0	0	2	0	0	0	0	0	0	0	0	0	0	12	11	63	0	0	0	0	0	0
fsh-generated/resources/RequestGroup-mii-exa-mtb-therapieempfehlung-kombinationstherapie.json	1661	2	0	0	0	0	0	0	0	2	0	0	0	0	0	0	0	0	0	0	13	11	68	0	0	0	0	0	0
fsh-generated/resources/ResearchStudy-mii-exa-mtb-study-ccne1.json	262	1	0	0	0	0	0	0	0	1	0	0	0	0	0	0	0	0	0	0	12	4	48	0	0	0	0	0	0
fsh-generated/resources/ResearchStudy-mii-exa-mtb-study-cldn6.json	3686	2	0	0	0	0	0	0	1	2	0	0	0	0	0	0	0	0	0	0	13	20	77	0	0	0	0	0	0
fsh-generated/resources/ResearchStudy-mii-exa-mtb-study-tedova.json	410	1	0	0	0	0	0	0	0	1	0	0	0	0	0	0	0	0	0	0	12	5	45	0	0	0	0	0	0
fsh-generated/resources/ServiceRequest-mii-exa-mtb-kim-histologie-evaluation-aszites.json	799	2	0	0	0	0	0	0	0	2	0	0	0	0	0	0	0	0	0	0	12	8	25	0	0	0	0	0	0
fsh-generated/resources/ServiceRequest-mii-exa-mtb-kim-humangenetische-beratung-aszites.json	942	1	0	0	0	0	0	0	0	2	0	0	0	0	0	0	0	0	0	0	12	8	16	0	0	0	0	0	0
fsh-generated/resources/ServiceRequest-mii-exa-mtb-kim-rebiopsie-aszites.json	763	1	0	0	0	0	0	0	0	1	0	0	0	0	0	0	0	0	0	0	12	7	17	0	0	0	0	0	0
fsh-generated/resources/ServiceRequest-mii-exa-mtb-study-request-ccne1.json	1067	2	0	0	0	0	0	0	0	1	0	0	0	0	0	0	0	0	0	0	12	8	14	0	0	0	0	0	0
fsh-generated/resources/ServiceRequest-mii-exa-mtb-study-request-cldn6.json	1332	1	0	0	0	0	0	0	1	2	0	0	0	0	0	0	0	0	0	0	12	9	15	0	0	0	0	0	0
fsh-generated/resources/ServiceRequest-mii-exa-mtb-study-request-tedova.json	1069	2	0	0	0	0	0	0	0	1	0	0	0	0	0	0	0	0	0	0	35	8	15	0	0	0	0	0	0
fsh-generated/resources/Specimen-PatientKimMusterperson-AscitesSpecimen-2.json	610	1	0	0	0	0	0	0	0	1	0	0	0	0	0	0	0	0	0	0	14	6	11	0	0	0	0	0	0
fsh-generated/resources/Specimen-PatientKimMusterperson-Specimen-1.json	957	1	0	0	1	0	0	0	0	964	0	0	0	0	0	0	0	0	0	0	14	8	12	0	0	0	0	0	0
fsh-generated/resources/Specimen-mii-exa-mtb-specimen.json	322	1	0	0	0	0	0	0	0	1	0	0	0	0	0	0	0	0	0	0	13	4	11	0	0	0	0	0	0
fsh-generated/resources/StructureDefinition-dnpm-lm-care-plan.json	26623	5	0	70	0	0	0	0	0	930	0	0	0	0	0	0	0	1	0	0	3	639	2129	0	0	0	10	1	1
fsh-generated/resources/StructureDefinition-dnpm-lm-ngs-report.json	79861	11	0	271	0	0	0	0	0	142	0	0	2	0	0	0	0	3	0	0	6	2003	2556	0	0	0	32	0	5
fsh-generated/resources/StructureDefinition-dnpm-lm-patient-record.json	281463	35	0	607	0	0	0	0	0	570	0	0	3	0	0	0	0	11	0	0	21	6376	6863	0	1	0	104	1	14
fsh-generated/resources/StructureDefinition-genomic-study-device.json	5442	3	0	55	0	0	0	0	0	17	0	0	0	0	0	0	0	1	0	0	0	222	666	0	0	0	6	0	1
fsh-generated/resources/StructureDefinition-mii-ex-mtb-antrag-kostenuebernahme-antragsstadium.json	4449	2	0	22	0	0	0	0	0	18	0	0	0	0	0	0	0	0	0	0	1	109	404	0	0	0	2	0	1
fsh-generated/resources/StructureDefinition-mii-ex-mtb-antwort-kostenuebernahme-ablehnungsgrund.json	4432	2	0	17	0	0	0	0	0	14	0	0	1	0	0	0	0	0	0	0	0	111	413	0	0	0	2	0	0
fsh-generated/resources/StructureDefinition-mii-ex-mtb-antwort-kostenuebernahme-entscheidung.json	4408	2	0	16	0	0	0	0	0	15	0	0	0	0	0	0	0	0	0	0	0	109	381	0	0	0	2	0	0
fsh-generated/resources/StructureDefinition-mii-ex-mtb-diagnose.json	1856	2	0	11	0	0	0	0	0	13	0	0	0	0	0	0	0	0	0	0	0	62	357	0	0	0	1	0	1
fsh-generated/resources/StructureDefinition-mii-ex-mtb-empfehlung-evidenzgraduierung.json	9297	2	0	23	0	0	0	0	0	58	0	0	0	0	0	0	0	0	0	0	1	164	455	0	0	0	3	0	0
fsh-generated/resources/StructureDefinition-mii-ex-mtb-empfehlung-prioritaet.json	4616	2	0	10	0	0	0	0	0	22	0	0	1	0	0	0	0	1	0	0	0	96	318	0	0	0	1	1	0
fsh-generated/resources/StructureDefinition-mii-ex-mtb-empfehlung-publikation.json	6279	2	0	13	0	0	0	0	0	14	0	0	0	0	0	0	0	0	0	0	0	97	322	0	0	0	2	0	1
fsh-generated/resources/StructureDefinition-mii-ex-mtb-genomic-study-analysis-qc.json	14257	3	0	31	0	0	0	0	0	42	0	0	0	0	0	0	0	0	0	0	0	355	521	0	0	0	5	0	1
fsh-generated/resources/StructureDefinition-mii-ex-mtb-leitlinie-dokumentation.json	8006	2	0	22	0	0	0	1	0	32	0	0	0	0	0	0	0	0	0	0	1	255	640	0	0	0	5	0	0
fsh-generated/resources/StructureDefinition-mii-ex-mtb-leitlinienbehandlung-status.json	2540	2	0	15	0	0	0	0	1	12	0	0	1	0	0	0	0	1	0	0	0	92	355	0	0	0	2	0	0
fsh-generated/resources/StructureDefinition-mii-ex-mtb-ngs-bericht-genomic-study.json	3827	1	0	10	0	0	0	0	0	8	0	0	0	0	0	0	0	0	0	0	0	67	387	0	0	0	1	0	1
fsh-generated/resources/StructureDefinition-mii-ex-mtb-panel-gene-list.json	3370	2	0	14	1	0	0	0	0	14	0	0	0	0	0	0	0	0	0	0	0	132	443	0	0	0	2	0	0
fsh-generated/resources/StructureDefinition-mii-lm-mtb.json	100351	11	0	159	0	0	0	0	0	147	0	0	1	0	0	0	0	3	0	0	7	1564	1627	0	0	0	26	0	4
fsh-generated/resources/StructureDefinition-mii-pr-mtb-antrag-kostenuebernahme.json	35053	5	0	119	0	0	0	0	0	127	0	0	0	0	0	0	0	1	0	0	0	612	961	0	0	0	15	0	3
fsh-generated/resources/StructureDefinition-mii-pr-mtb-antwort-kostenuebernahme.json	19264	3	0	97	0	0	0	0	0	42	0	0	1	0	0	0	0	1	0	0	1	439	1094	0	0	0	10	1	2
fsh-generated/resources/StructureDefinition-mii-pr-mtb-behandlungsepisode.json	37018	5	0	95	0	0	0	0	0	75	0	0	0	0	0	0	0	2	0	0	1	665	1583	0	0	0	14	0	3
fsh-generated/resources/StructureDefinition-mii-pr-mtb-biomarker-her2-status.json	6794	2	0	186	0	0	0	0	0	47	0	0	1	0	0	0	0	1	0	0	0	506	1316	0	0	0	11	0	2
fsh-generated/resources/StructureDefinition-mii-pr-mtb-biopsie-auftrag.json	11629	3	0	52	0	0	0	0	0	19	0	0	0	0	0	0	0	1	0	0	1	260	716	0	0	0	7	0	1
fsh-generated/resources/StructureDefinition-mii-pr-mtb-brcaness.json	10783	2	0	112	0	0	0	0	0	24	0	0	1	0	0	0	0	1	0	0	0	404	993	0	0	0	10	1	2
fsh-generated/resources/StructureDefinition-mii-pr-mtb-consent-given.json	7875	2	0	68	0	0	0	0	0	30	0	0	0	0	0	0	0	1	0	0	0	349	798	0	0	0	9	0	2
fsh-generated/resources/StructureDefinition-mii-pr-mtb-copy-number-variant.json	34307	5	0	482	0	0	0	0	0	106	0	0	1	0	0	0	0	4	0	0	1	1684	3807	0	0	0	31	1	8
fsh-generated/resources/StructureDefinition-mii-pr-mtb-diagnose-primaertumor.json	17209	4	0	301	0	0	0	0	0	91	0	0	0	0	0	0	0	4	0	0	0	1122	3747	0	0	0	23	1	6
fsh-generated/resources/StructureDefinition-mii-pr-mtb-diagnostische-implikation.json	6748	2	0	187	0	0	0	0	0	33	0	0	1	0	0	0	0	1	0	0	0	396	904	0	0	0	10	0	3
fsh-generated/resources/StructureDefinition-mii-pr-mtb-dna-fusion.json	20923	4	0	557	1	0	0	0	1	121	0	0	1	0	0	0	0	5	0	0	1	1579	2634	0	0	0	28	1	8
fsh-generated/resources/StructureDefinition-mii-pr-mtb-einfache-variante.json	24639	4	0	454	0	0	0	0	0	466	0	0	0	0	0	0	0	4	0	0	0	1305	2166	0	0	0	24	1	7
fsh-generated/resources/StructureDefinition-mii-pr-mtb-follow-up-clinicalimpression.json	21304	4	0	130	0	0	0	0	0	23	0	0	1	0	0	0	0	1	0	0	1	377	759	0	0	0	9	0	2
fsh-generated/resources/StructureDefinition-mii-pr-mtb-genomic-study-analysis.json	6499	2	0	214	0	0	0	0	0	16	0	0	0	0	0	0	0	1	0	0	0	282	552	0	0	0	7	0	1
fsh-generated/resources/StructureDefinition-mii-pr-mtb-genomic-study.json	3191	2	0	119	0	0	0	0	0	14	0	0	0	0	0	0	0	0	0	0	0	249	458	0	0	0	6	0	1
fsh-generated/resources/StructureDefinition-mii-pr-mtb-histologie-evaluation-auftrag.json	11456	2	0	102	0	0	0	0	0	21	0	0	1	0	0	0	0	1	0	0	0	261	481	0	0	0	6	1	1
fsh-generated/resources/StructureDefinition-mii-pr-mtb-hrd-score.json	13160	3	0	208	0	0	0	0	0	29	0	0	0	0	0	0	0	1	0	0	1	558	1687	0	0	0	13	0	3
fsh-generated/resources/StructureDefinition-mii-pr-mtb-humangenetische-beratung-auftrag.json	6791	2	0	58	0	0	0	0	0	14	0	0	0	0	0	0	0	1	0	0	0	228	464	0	0	0	5	0	1
fsh-generated/resources/StructureDefinition-mii-pr-mtb-immunohistochemistry-her2.json	7768	2	0	171	0	0	0	0	0	25	0	0	1	0	0	0	0	1	0	0	0	453	806	0	0	0	12	0	2
fsh-generated/resources/StructureDefinition-mii-pr-mtb-immunohistochemistry-mmr.json	17026	4	0	272	0	0	0	0	0	63	0	0	0	0	0	0	0	2	0	0	1	1037	2130	0	0	0	19	1	4
fsh-generated/resources/StructureDefinition-mii-pr-mtb-immunohistochemistry-pdl1.json	22733	3	0	176	0	0	0	0	0	45	0	0	1	0	0	0	0	2	0	0	0	830	1042	0	0	0	15	0	3
fsh-generated/resources/StructureDefinition-mii-pr-mtb-immunohistochemistry-phosphorylation.json	9841	3	0	177	1	0	0	0	0	19	0	0	0	0	0	0	0	1	0	0	0	389	750	0	0	0	10	0	2
fsh-generated/resources/StructureDefinition-mii-pr-mtb-immunohistochemistry.json	16572	3	0	114	0	0	0	0	0	22	0	0	0	0	0	0	0	1	0	0	1	410	736	0	0	0	11	0	2
fsh-generated/resources/StructureDefinition-mii-pr-mtb-insituhybridization-her2.json	13807	3	0	211	0	0	0	0	0	41	0	0	1	0	0	0	0	1	0	0	0	753	1827	0	0	0	16	1	3
fsh-generated/resources/StructureDefinition-mii-pr-mtb-insituhybridization.json	24336	3	0	142	0	0	0	0	0	29	0	0	0	0	0	0	0	2	0	0	1	447	798	0	0	0	11	0	3
fsh-generated/resources/StructureDefinition-mii-pr-mtb-mikrosatelliteninstabilitaet.json	7862	3	0	128	0	0	0	0	0	21	0	0	0	0	0	0	0	1	0	0	0	333	1104	0	0	0	9	0	2
fsh-generated/resources/StructureDefinition-mii-pr-mtb-molecular-pathology-report.json	16291	2	0	54	0	0	0	0	1	23	0	0	1	0	0	0	0	0	0	0	0	251	439	0	0	0	6	0	1
fsh-generated/resources/StructureDefinition-mii-pr-mtb-molekularer-biomarker.json	5854	2	0	111	0	0	0	0	0	21	0	0	0	0	0	0	0	1	0	0	0	315	649	0	0	0	8	0	2
fsh-generated/resources/StructureDefinition-mii-pr-mtb-msi.json	7524	2	0	177	0	0	0	0	0	19	0	0	0	0	0	0	0	1	0	0	1	490	1895	0	0	0	10	0	2
fsh-generated/resources/StructureDefinition-mii-pr-mtb-mutationslast.json	6066	2	0	136	0	0	0	0	0	18	0	0	1	0	0	0	0	1	0	0	0	355	673	0	1	0	9	0	1
fsh-generated/resources/StructureDefinition-mii-pr-mtb-ngs-bericht.json	32508	5	0	80	0	0	0	0	0	19	0	0	0	0	0	0	0	0	0	0	0	343	598	0	0	0	8	0	2
fsh-generated/resources/StructureDefinition-mii-pr-mtb-oncotree.json	5168	1	0	76	0	0	0	0	0	15	0	0	0	0	0	0	0	1	0	0	0	292	511	0	0	0	7	0	2
fsh-generated/resources/StructureDefinition-mii-pr-mtb-panel-devicedefinition.json	4108	2	0	75	1	0	0	0	0	15	0	0	1	0	0	0	0	0	0	0	1	277	497	0	0	0	7	0	0
fsh-generated/resources/StructureDefinition-mii-pr-mtb-ploidie.json	8278	2	0	174	0	0	0	0	0	21	0	0	0	0	0	0	0	1	0	0	0	371	726	0	0	0	9	0	2
fsh-generated/resources/StructureDefinition-mii-pr-mtb-response-befund.json	16187	3	0	188	0	0	0	0	0	37	0	0	0	0	0	0	0	1	0	0	0	626	1178	0	0	0	18	0	4
fsh-generated/resources/StructureDefinition-mii-pr-mtb-rna-fusion.json	31098	5	0	655	0	0	0	0	0	106	0	0	1	0	0	0	0	3	0	0	1	2078	2851	0	0	0	34	1	8
fsh-generated/resources/StructureDefinition-mii-pr-mtb-rna-seq.json	15728	3	0	594	0	0	0	0	0	64	0	0	1	0	0	0	0	3	0	0	0	1374	2328	0	0	0	26	0	7
fsh-generated/resources/StructureDefinition-mii-pr-mtb-studie.json	7857	2	0	148	0	0	0	0	0	18	0	0	0	0	0	0	0	1	0	0	0	362	629	0	0	0	9	0	2
fsh-generated/resources/StructureDefinition-mii-pr-mtb-studieneinschluss-anfrage.json	11258	3	0	71	0	0	0	0	1	18	0	0	0	0	0	0	0	0	0	0	1	306	548	0	0	0	7	0	2
fsh-generated/resources/StructureDefinition-mii-pr-mtb-systemische-therapie.json	16029	2	0	269	0	0	0	0	0	30	0	0	1	0	0	0	0	2	0	0	0	758	1307	0	0	0	16	1	4
fsh-generated/resources/StructureDefinition-mii-pr-mtb-systemische-vortherapie.json	12882	3	0	287	0	0	0	0	0	31	0	0	1	0	0	0	0	1	0	0	0	671	1327	0	0	0	17	0	4
fsh-generated/resources/StructureDefinition-mii-pr-mtb-systemtherapie-medication-statement.json	8296	2	0	372	0	0	0	0	0	39	0	0	0	0	0	0	0	2	0	0	1	823	1903	0	0	0	21	0	6
fsh-generated/resources/StructureDefinition-mii-pr-mtb-therapeutische-implikation.json	6025	2	0	243	0	0	0	0	0	23	0	0	1	0	0	0	0	1	0	0	0	459	911	0	0	0	12	1	3
fsh-generated/resources/StructureDefinition-mii-pr-mtb-therapieempfehlung-kombination.json	12197	2	0	129	1	0	0	0	0	15	0	0	0	0	0	0	0	1	0	0	0	318	551	0	0	0	10	0	1
fsh-generated/resources/StructureDefinition-mii-pr-mtb-therapieempfehlung.json	15247	3	0	371	0	0	0	0	0	38	0	0	0	0	0	0	0	2	0	0	0	977	1970	0	0	0	21	1	6
fsh-generated/resources/StructureDefinition-mii-pr-mtb-therapieplan.json	27620	4	0	367	0	0	0	0	0	42	0	0	1	0	0	0	0	1	0	0	1	936	1392	0	0	0	25	0	4
fsh-generated/resources/StructureDefinition-mii-pr-mtb-tumorausbreitung.json	8921	2	0	118	0	0	0	0	0	25	0	0	0	0	0	0	0	1	0	0	0	396	1033	0	0	0	10	0	2
fsh-generated/resources/StructureDefinition-mii-pr-mtb-tumorzellgehalt.json	2933	2	0	80	0	0	0	0	0	194	0	0	1	0	0	0	0	0	0	0	0	312	513	0	0	0	8	0	0
fsh-generated/resources/StructureDefinition-mii-pr-mtb-who-grad-tumor-zns.json	7700	2	0	111	0	0	0	0	0	16	0	0	0	0	0	0	0	1	0	0	1	310	956	0	0	0	8	0	2
fsh-generated/resources/ValueSet-mii-vs-mtb-antrag-kostenuebernahme-antragsstadium.json	950	1	0	0	0	0	0	0	0	540	0	0	0	0	0	0	0	0	0	0	14	9	192	0	0	0	1	0	0
fsh-generated/resources/ValueSet-mii-vs-mtb-antrag-kostenuebernahme.json	1230	1	0	0	0	0	0	0	1	6	0	0	0	0	0	0	0	0	0	0	14	11	107	0	0	0	0	0	0
fsh-generated/resources/ValueSet-mii-vs-mtb-antwort-kostenuebernahme-ablehnungsgrund.json	964	2	0	0	0	0	0	0	0	2	0	0	0	0	0	0	0	0	0	0	13	7	100	0	0	0	0	0	0
fsh-generated/resources/ValueSet-mii-vs-mtb-antwort-kostenuebernahme-entscheidung.json	966	1	0	0	0	0	0	0	0	1	0	0	0	0	0	0	0	0	0	0	13	8	89	0	0	0	1	0	0
fsh-generated/resources/ValueSet-mii-vs-mtb-auftrag-begruendung.json	882	1	0	0	0	0	0	0	0	1	0	0	0	0	0	0	0	0	0	0	12	7	82	0	0	0	0	0	0
fsh-generated/resources/ValueSet-mii-vs-mtb-bestimmungsmethode-tumorzellgehalt.json	944	1	0	0	0	0	0	0	0	2	0	0	0	0	0	0	0	0	0	0	11	8	75	0	0	0	0	0	0
fsh-generated/resources/ValueSet-mii-vs-mtb-dosisdichte.json	786	1	0	0	0	0	0	0	0	1	0	0	0	0	0	0	0	0	0	0	12	7	81	0	0	0	0	0	0
fsh-generated/resources/ValueSet-mii-vs-mtb-empfehlung-evidenzgrad-zusatzverweis.json	950	1	0	0	1	0	0	0	0	2	0	0	0	0	0	0	0	0	0	0	12	7	86	0	0	0	0	0	0
fsh-generated/resources/ValueSet-mii-vs-mtb-empfehlung-evidenzgrad.json	863	2	0	0	0	0	0	0	1	1	0	0	0	0	0	0	0	0	0	0	12	7	82	0	0	0	0	0	0
fsh-generated/resources/ValueSet-mii-vs-mtb-empfehlung-status-begruendung.json	918	1	0	0	0	0	0	0	0	2	0	0	0	0	0	0	0	0	0	0	12	8	77	0	0	0	0	0	0
fsh-generated/resources/ValueSet-mii-vs-mtb-follow-up-grund-nicht-umsetzung.json	2055	1	0	0	0	0	0	0	0	853	0	0	0	0	0	0	0	0	0	0	13	10	554	0	0	0	0	0	0
fsh-generated/resources/ValueSet-mii-vs-mtb-follow-up-status.json	816	1	0	0	0	0	0	0	0	1	0	0	0	0	0	0	0	0	0	0	12	7	77	0	0	0	1	0	0
fsh-generated/resources/ValueSet-mii-vs-mtb-genomic-analysis-method-type.json	1156	1	0	0	0	0	0	0	0	2	0	0	0	0	0	0	0	0	0	0	12	9	103	0	0	0	0	0	0
fsh-generated/resources/ValueSet-mii-vs-mtb-immunohistochemistry-specific-codes.json	3999	2	0	0	0	0	0	0	1	781	0	0	0	0	0	0	0	0	0	0	13	20	981	0	0	0	0	0	0
fsh-generated/resources/ValueSet-mii-vs-mtb-interpretation-high-low.json	1164	1	0	0	0	0	0	0	0	3	0	0	0	0	0	0	0	0	0	0	13	10	58	0	0	0	0	0	0
fsh-generated/resources/ValueSet-mii-vs-mtb-ish-method.json	1323	1	0	0	0	0	0	0	0	436	0	0	0	0	0	0	0	0	0	0	13	9	66	0	0	0	1	0	0
fsh-generated/resources/ValueSet-mii-vs-mtb-leitlinienbehandlung-status.json	891	1	0	0	0	0	0	0	0	2	0	0	0	0	0	0	0	0	0	0	12	8	59	0	0	0	0	0	0
fsh-generated/resources/ValueSet-mii-vs-mtb-mmr-expression.json	1217	2	0	0	0	0	0	0	0	436	0	0	0	0	0	0	0	0	0	0	13	8	59	0	0	0	0	0	0
fsh-generated/resources/ValueSet-mii-vs-mtb-mmr-proficiency.json	1093	1	0	0	0	0	0	0	0	773	0	0	0	0	0	0	0	0	0	0	12	8	80	0	0	0	0	0	0
fsh-generated/resources/ValueSet-mii-vs-mtb-molekulare-biomarker.json	843	1	0	0	0	0	0	0	0	2	0	0	0	0	0	0	0	0	0	0	13	7	71	0	0	0	0	0	0
fsh-generated/resources/ValueSet-mii-vs-mtb-msi-method-type.json	813	1	0	0	0	0	0	0	1	2	0	0	0	0	0	0	0	0	0	0	12	7	71	0	0	0	0	0	0
fsh-generated/resources/ValueSet-mii-vs-mtb-msi.json	1315	1	0	0	1	0	0	0	0	436	0	0	0	0	0	0	0	0	0	0	12	9	55	0	0	0	0	0	0
fsh-generated/resources/ValueSet-mii-vs-mtb-oncotree.json	748	1	0	0	0	0	0	0	0	6	0	0	0	0	0	0	0	0	0	0	12	7	507	0	0	0	0	0	0
fsh-generated/resources/ValueSet-mii-vs-mtb-panel-archer-lung-v2.json	2430	2	0	0	0	0	0	0	0	919	0	0	0	0	0	0	0	0	0	0	12	11	529	0	0	0	1	0	0
fsh-generated/resources/ValueSet-mii-vs-mtb-panel-basic-ngs.json	4069	1	0	0	0	0	0	0	0	442	0	0	0	0	0	0	0	0	0	0	13	14	550	0	0	0	0	0	0
fsh-generated/resources/ValueSet-mii-vs-mtb-panel-capability.json	840	1	0	0	0	0	0	0	0	2	0	0	0	0	0	0	0	0	0	0	12	7	57	0	0	0	0	0	0
fsh-generated/resources/ValueSet-mii-vs-mtb-panel-cgp.json	54488	6	0	0	0	0	0	0	6	622	0	0	0	0	0	0	0	1	0	0	16	132	780	0	0	0	7	0	0
fsh-generated/resources/ValueSet-mii-vs-mtb-panel-dhs-3501z.json	25343	3	0	0	0	0	0	0	4	457	0	0	0	0	0	0	0	0	0	0	16	64	656	0	0	0	2	0	1
fsh-generated/resources/ValueSet-mii-vs-mtb-panel-ofa-plus.json	47017	5	0	0	0	0	0	0	5	573	0	0	0	0	0	0	0	0	0	0	17	116	869	0	0	0	5	0	0
fsh-generated/resources/ValueSet-mii-vs-mtb-panel-ofa.json	5455	2	0	0	0	0	0	0	1	425	0	0	0	0	0	0	0	0	0	0	15	17	538	0	0	0	1	0	0
fsh-generated/resources/ValueSet-mii-vs-mtb-panel-tcm-ngs.json	37242	4	0	0	0	0	0	0	4	496	0	0	0	0	0	0	0	1	0	0	16	91	645	0	0	0	4	0	0
fsh-generated/resources/ValueSet-mii-vs-mtb-panel-tso-500-fusion.json	5796	2	0	0	0	0	0	0	1	438	0	0	0	0	0	0	0	0	0	0	15	19	537	0	0	0	1	0	0
fsh-generated/resources/ValueSet-mii-vs-mtb-panel-tso-500-snv.json	47485	6	0	0	0	0	0	0	4	725	0	0	0	0	0	0	0	0	0	0	19	115	794	0	0	0	6	0	1
fsh-generated/resources/ValueSet-mii-vs-mtb-response-befund-beurteilung.json	878	1	0	0	1	0	0	0	0	3	0	0	0	0	0	0	0	0	0	0	14	8	58	0	0	0	0	0	0
fsh-generated/resources/ValueSet-mii-vs-mtb-response-befund-beurteilungsmethode.json	909	2	0	0	0	0	0	0	0	2	0	0	0	0	0	0	0	0	0	0	15	7	57	0	0	0	0	0	0
fsh-generated/resources/ValueSet-mii-vs-mtb-systemische-therapie-status.json	1063	1	0	0	0	0	0	0	0	5	0	0	0	0	0	0	0	0	0	0	14	11	60	0	0	0	0	0	0
fsh-generated/resources/ValueSet-mii-vs-mtb-therapiestatusgrund.json	834	1	0	0	0	0	0	0	1	3	0	0	0	0	0	0	0	0	0	0	14	8	92	0	0	0	1	0	0
fsh-generated/resources/ValueSet-mii-vs-mtb-tumorausbreitung.json	1169	1	0	0	0	0	0	0	0	439	0	0	0	0	0	0	0	0	0	0	14	8	60	0	0	0	0	0	0
fsh-generated/resources/ValueSet-mii-vs-mtb-who-grad-tumor-zns.json	1469	2	0	0	0	0	0	0	0	417	0	0	0	0	0	0	0	0	0	0	13	10	63	0	0	0	0	0	0
fsh-generated/resources/ValueSet-mii-vs-mtb-zulassungsstatus.json	816	1	0	0	0	0	0	0	0	1	0	0	0	0	0	0	0	0	0	0	13	11	60	0	0	0	0	0	0
input/resources/Parameters-expansion-manifest.json	508	1	0	0	0	0	0	0	4	1	0	0	0	0	0	0	0	0	0	0	14	103	469	0	0	0	0	0	0
/input/includes/menu.xml	5921	-	-	-	0	0	0	0	0	0	0	0	0	0	0	0	0	0	0	0	0	0	2	0	0	0	0	0	0
/fsh-generated/includes/fsh-link-references.md	31320	-	-	-	0	0	0	0	0	0	0	0	0	0	0	0	0	0	0	0	0	0	3	0	0	0	0	0	0
/input/intro-notes/StructureDefinition-mii-ex-mtb-antwort-kostenuebernahme-ablehnungsgrund-intro.md	522	-	-	-	0	0	0	0	0	0	0	0	0	0	0	0	0	0	0	0	0	0	0	0	0	0	0	0	0
/input/intro-notes/StructureDefinition-mii-pr-mtb-therapieplan-intro.md	7100	-	-	-	0	0	0	0	0	0	0	0	0	0	0	0	0	0	0	0	0	0	1	0	0	0	0	0	0
/input/intro-notes/StructureDefinition-mii-pr-mtb-tumorausbreitung-intro.md	3346	-	-	-	0	0	0	0	0	0	0	0	0	0	0	0	0	0	0	0	0	0	1	0	0	0	0	0	0
/input/intro-notes/StructureDefinition-mii-pr-mtb-mutationslast-intro.md	4040	-	-	-	0	0	0	0	0	0	0	0	0	0	0	0	0	0	0	0	0	0	1	0	0	0	0	0	0
/input/intro-notes/StructureDefinition-mii-pr-mtb-diagnose-primaertumor-intro.md	6146	-	-	-	0	0	0	0	0	0	0	0	0	0	0	0	0	0	0	0	0	0	1	0	0	0	0	0	0
/input/intro-notes/StructureDefinition-mii-pr-mtb-follow-up-clinicalimpression-intro.md	3814	-	-	-	0	0	0	0	0	0	0	0	0	0	0	0	0	0	0	0	0	0	0	0	0	0	0	0	0
/input/intro-notes/StructureDefinition-mii-pr-mtb-mikrosatelliteninstabilitaet-intro.md	4428	-	-	-	0	0	0	0	0	0	0	0	0	0	0	0	0	0	0	0	0	0	1	0	0	0	0	0	0
/input/intro-notes/StructureDefinition-mii-pr-mtb-biomarker-her2-status-intro.md	333	-	-	-	0	0	0	0	0	0	0	0	0	0	0	0	0	0	0	0	0	0	0	0	0	0	0	0	0
/input/intro-notes/StructureDefinition-mii-pr-mtb-diagnostische-implikation-intro.md	3617	-	-	-	0	0	0	0	0	0	0	0	0	0	0	0	0	0	0	0	0	0	1	0	0	0	0	0	0
/input/intro-notes/StructureDefinition-mii-ex-mtb-empfehlung-evidenzgraduierung-intro.md	929	-	-	-	0	0	0	0	0	0	0	0	0	0	0	0	0	0	0	0	0	0	0	0	0	0	0	0	0
/input/intro-notes/StructureDefinition-mii-pr-mtb-immunohistochemistry-phosphorylation-intro.md	4246	-	-	-	0	0	0	0	0	0	0	0	0	0	0	0	0	0	0	0	0	0	1	0	0	0	0	0	0
/input/intro-notes/StructureDefinition-mii-ex-mtb-empfehlung-publikation-intro.md	991	-	-	-	0	0	0	0	0	0	0	0	0	0	0	0	0	0	0	0	0	0	0	0	0	0	0	0	0
/input/intro-notes/StructureDefinition-mii-pr-mtb-histologie-evaluation-auftrag-intro.md	3115	-	-	-	0	0	0	0	0	0	0	0	0	0	0	0	0	0	0	0	0	0	0	0	0	0	0	0	0
/input/intro-notes/StructureDefinition-mii-pr-mtb-dna-fusion-intro.md	6721	-	-	-	0	0	0	0	0	0	0	0	0	0	0	0	0	0	0	0	0	0	1	0	0	0	0	0	0
/input/intro-notes/StructureDefinition-mii-pr-mtb-panel-devicedefinition-intro.md	1305	-	-	-	0	0	0	0	0	0	0	0	0	0	0	0	0	0	0	0	0	0	0	0	0	0	0	0	0
/input/intro-notes/StructureDefinition-mii-pr-mtb-tumorzellgehalt-intro.md	6456	-	-	-	0	0	0	0	0	0	0	0	0	0	0	0	0	0	0	0	0	0	0	0	0	0	0	0	0
/input/intro-notes/StructureDefinition-mii-ex-mtb-empfehlung-prioritaet-intro.md	906	-	-	-	0	0	0	0	0	0	0	0	0	0	0	0	0	0	0	0	0	0	1	0	0	0	0	0	0
/input/intro-notes/StructureDefinition-mii-pr-mtb-systemische-vortherapie-intro.md	7815	-	-	-	0	0	0	0	0	0	0	0	0	0	0	0	0	0	0	0	0	0	0	0	0	0	0	0	0
/input/intro-notes/StructureDefinition-mii-pr-mtb-ngs-bericht-intro.md	2689	-	-	-	0	0	0	0	0	0	0	0	0	0	0	0	0	0	0	0	0	0	1	0	0	0	0	0	0
/input/intro-notes/StructureDefinition-mii-pr-mtb-immunohistochemistry-intro.md	4216	-	-	-	0	0	0	0	0	0	0	0	0	0	0	0	0	0	0	0	0	0	0	0	0	0	0	0	0
/input/intro-notes/StructureDefinition-mii-pr-mtb-immunohistochemistry-pdl1-intro.md	3541	-	-	-	0	0	0	0	0	0	0	0	0	0	0	0	0	0	0	0	0	0	0	0	0	0	0	0	0
/input/intro-notes/StructureDefinition-mii-pr-mtb-copy-number-variant-intro.md	6164	-	-	-	0	0	0	0	0	0	0	0	0	0	0	0	0	0	0	0	0	0	1	0	0	0	0	0	0
/input/intro-notes/StructureDefinition-mii-pr-mtb-antwort-kostenuebernahme-intro.md	4025	-	-	-	0	0	0	0	0	0	0	0	0	0	0	0	0	0	0	0	0	0	0	0	0	0	0	0	0
/input/intro-notes/StructureDefinition-mii-pr-mtb-response-befund-intro.md	6061	-	-	-	0	0	0	0	0	0	0	0	0	0	0	0	0	0	0	0	0	0	0	0	0	0	0	0	0
/input/intro-notes/StructureDefinition-mii-pr-mtb-rna-seq-intro.md	6069	-	-	-	0	0	0	0	0	0	0	0	0	0	0	0	0	0	0	0	0	0	1	0	0	0	0	0	0
/input/intro-notes/StructureDefinition-mii-pr-mtb-studie-intro.md	7699	-	-	-	0	0	0	0	0	0	0	0	0	0	0	0	0	0	0	0	0	0	0	0	0	0	0	0	0
/input/intro-notes/StructureDefinition-mii-pr-mtb-therapieempfehlung-intro.md	6422	-	-	-	0	0	0	0	0	0	0	0	0	0	0	0	0	0	0	0	0	0	0	0	0	0	0	0	0
/input/intro-notes/StructureDefinition-mii-pr-mtb-msi-intro.md	315	-	-	-	0	0	0	0	0	0	0	0	0	0	0	0	0	0	0	0	0	0	0	0	0	0	0	0	0
/input/intro-notes/StructureDefinition-mii-pr-mtb-brcaness-intro.md	3376	-	-	-	0	0	0	0	0	0	0	0	0	0	0	0	0	0	0	0	0	0	1	0	0	0	0	0	0
/input/intro-notes/StructureDefinition-mii-pr-mtb-molekularer-biomarker-intro.md	1899	-	-	-	0	0	0	0	0	0	0	0	0	0	0	0	0	0	0	0	0	0	0	0	0	0	0	0	0
/input/intro-notes/StructureDefinition-mii-pr-mtb-hrd-score-intro.md	3695	-	-	-	0	0	0	0	0	0	0	0	0	0	0	0	0	0	0	0	0	0	0	0	0	0	0	0	0
/input/intro-notes/StructureDefinition-mii-pr-mtb-insituhybridization-her2-intro.md	333	-	-	-	0	0	0	0	0	0	0	0	0	0	0	0	0	0	0	0	0	0	0	0	0	0	0	0	0
/input/intro-notes/StructureDefinition-mii-pr-mtb-systemtherapie-medication-statement-intro.md	4192	-	-	-	0	0	0	0	0	0	0	0	0	0	0	0	0	0	0	0	0	0	1	0	0	0	0	0	0
/input/intro-notes/StructureDefinition-mii-ex-mtb-antwort-kostenuebernahme-entscheidung-intro.md	518	-	-	-	0	0	0	0	0	0	0	0	0	0	0	0	0	0	0	0	0	0	0	0	0	0	0	0	0
/input/intro-notes/StructureDefinition-mii-ex-mtb-antrag-kostenuebernahme-antragsstadium-intro.md	534	-	-	-	0	0	0	0	0	0	0	0	0	0	0	0	0	0	0	0	0	0	0	0	0	0	0	0	0
/input/intro-notes/StructureDefinition-mii-pr-mtb-einfache-variante-intro.md	5750	-	-	-	0	0	0	0	0	0	0	0	0	0	0	0	0	0	0	0	0	0	0	0	0	0	0	0	0
/input/intro-notes/StructureDefinition-mii-pr-mtb-genomic-study-analysis-intro.md	3628	-	-	-	0	0	0	0	0	0	0	0	0	0	0	0	0	0	0	0	0	0	1	0	0	0	0	0	0
/input/intro-notes/StructureDefinition-mii-pr-mtb-insituhybridization-intro.md	4242	-	-	-	0	0	0	0	0	0	0	0	0	0	0	0	0	0	0	0	0	0	0	0	0	0	0	0	0
/input/intro-notes/StructureDefinition-mii-pr-mtb-rna-fusion-intro.md	7303	-	-	-	0	0	0	0	0	0	0	0	0	0	0	0	0	0	0	0	0	0	1	0	0	0	0	0	0
/input/intro-notes/StructureDefinition-mii-pr-mtb-consent-given-intro.md	3003	-	-	-	0	0	0	0	0	0	0	0	0	0	0	0	0	0	0	0	0	0	0	0	0	0	0	0	0
/input/intro-notes/StructureDefinition-mii-pr-mtb-who-grad-tumor-zns-intro.md	3188	-	-	-	0	0	0	0	0	0	0	0	0	0	0	0	0	0	0	0	0	0	0	0	0	0	0	0	0
/input/intro-notes/StructureDefinition-mii-pr-mtb-behandlungsepisode-intro.md	4186	-	-	-	0	0	0	0	0	0	0	0	0	0	0	0	0	0	0	0	0	0	1	0	0	0	0	0	0
/input/intro-notes/StructureDefinition-mii-pr-mtb-ploidie-intro.md	2025	-	-	-	0	0	0	0	0	0	0	0	0	0	0	0	0	0	0	0	0	0	0	0	0	0	0	0	0
/input/intro-notes/StructureDefinition-mii-ex-mtb-leitlinienbehandlung-status-intro.md	769	-	-	-	0	0	0	0	0	0	0	0	0	0	0	0	0	0	0	0	0	0	0	0	0	0	0	0	0
/input/intro-notes/StructureDefinition-mii-pr-mtb-immunohistochemistry-mmr-intro.md	3155	-	-	-	0	0	0	0	0	0	0	0	0	0	0	0	0	0	0	0	0	0	1	0	0	0	0	0	0
/input/intro-notes/StructureDefinition-mii-pr-mtb-therapieempfehlung-kombination-intro.md	3758	-	-	-	0	0	0	0	0	0	0	0	0	0	0	0	0	0	0	0	0	0	0	0	0	0	0	0	0
/input/intro-notes/StructureDefinition-mii-pr-mtb-genomic-study-intro.md	3058	-	-	-	0	0	0	0	0	0	0	0	0	0	0	0	0	0	0	0	0	0	1	0	0	0	0	0	0
/input/intro-notes/StructureDefinition-mii-pr-mtb-therapeutische-implikation-intro.md	4306	-	-	-	0	0	0	0	0	0	0	0	0	0	0	0	0	0	0	0	0	0	0	0	0	0	0	0	0
/input/intro-notes/StructureDefinition-mii-pr-mtb-humangenetische-beratung-auftrag-intro.md	3310	-	-	-	0	0	0	0	0	0	0	0	0	0	0	0	0	0	0	0	0	0	0	0	0	0	0	0	0
/input/intro-notes/StructureDefinition-mii-pr-mtb-immunohistochemistry-her2-intro.md	2166	-	-	-	0	0	0	0	0	0	0	0	0	0	0	0	0	0	0	0	0	0	1	0	0	0	0	0	0
/input/intro-notes/StructureDefinition-mii-pr-mtb-oncotree-intro.md	3234	-	-	-	0	0	0	0	0	0	0	0	0	0	0	0	0	0	0	0	0	0	0	0	0	0	0	0	0
/input/intro-notes/StructureDefinition-mii-pr-mtb-studieneinschluss-anfrage-intro.md	4783	-	-	-	0	0	0	0	0	0	0	0	0	0	0	0	0	0	0	0	0	0	0	0	0	0	0	0	0
/input/intro-notes/StructureDefinition-genomic-study-device-intro.md	2190	-	-	-	0	0	0	0	0	0	0	0	0	0	0	0	0	0	0	0	0	0	0	0	0	0	0	0	0
/input/intro-notes/StructureDefinition-mii-pr-mtb-systemische-therapie-intro.md	6502	-	-	-	0	0	0	0	0	0	0	0	0	0	0	0	0	0	0	0	0	0	1	0	0	0	0	0	0
/input/intro-notes/StructureDefinition-mii-ex-mtb-leitlinie-dokumentation-intro.md	1034	-	-	-	0	0	0	0	0	0	0	0	0	0	0	0	0	0	0	0	0	0	0	0	0	0	0	0	0
/input/intro-notes/StructureDefinition-mii-pr-mtb-molecular-pathology-report-intro.md	1856	-	-	-	0	0	0	0	0	0	0	0	0	0	0	0	0	0	0	0	0	0	0	0	0	0	0	0	0
/input/intro-notes/StructureDefinition-mii-pr-mtb-biopsie-auftrag-intro.md	3355	-	-	-	0	0	0	0	0	0	0	0	0	0	0	0	0	0	0	0	0	0	0	0	0	0	0	0	0
/input/intro-notes/StructureDefinition-mii-pr-mtb-antrag-kostenuebernahme-intro.md	4725	-	-	-	0	0	0	0	0	0	0	0	0	0	0	0	0	0	0	0	0	0	1	0	0	0	0	0	0
/input/pagecontent/version-history.md	4251	-	-	-	0	0	0	0	0	0	0	0	0	0	0	0	0	0	0	0	0	0	0	0	0	0	0	0	0
/input/pagecontent/value-sets.md	1273	-	-	-	0	0	0	0	0	0	0	0	0	0	0	0	0	0	0	0	0	0	1	0	0	0	0	0	0
/input/pagecontent/dnpm-transformation.md	5197	-	-	-	0	0	0	0	0	0	0	0	0	0	0	0	0	0	0	0	0	0	0	0	0	0	0	0	0
/input/pagecontent/profiles.md	3699	-	-	-	0	0	0	0	0	0	0	0	0	0	0	0	0	0	0	0	0	0	0	0	0	0	0	0	0
/input/pagecontent/researcher-guidance.md	3751	-	-	-	0	0	0	0	0	0	0	0	0	0	0	0	0	0	0	0	0	0	1	0	0	0	0	0	0
/input/pagecontent/panel-katalog.md	3092	-	-	-	0	0	0	0	0	0	0	0	0	0	0	0	0	0	0	0	0	0	0	0	0	0	0	0	0
/input/pagecontent/anwendungsszenarien.md	16157	-	-	-	0	0	0	0	0	0	0	0	0	0	0	0	0	0	0	0	0	0	1	0	0	0	0	0	0
/input/pagecontent/extensions.md	2292	-	-	-	0	0	0	0	0	0	0	0	0	0	0	0	0	0	0	0	0	0	0	0	0	0	0	0	0
/input/pagecontent/ImplementationGuide-mii-ig-mtb.md	3508	-	-	-	0	0	0	0	0	0	0	0	0	0	0	0	0	0	0	0	0	0	0	0	0	0	0	0	0
/input/pagecontent/code-systems.md	6183	-	-	-	0	0	0	0	0	0	0	0	0	0	0	0	0	0	0	0	0	0	1	0	0	0	0	0	0
/input/pagecontent/downloads.md	2633	-	-	-	0	0	0	0	0	0	0	0	0	0	0	0	0	0	0	0	0	0	0	0	0	0	0	0	0
/input/pagecontent/examples.md	738	-	-	-	0	0	0	0	0	0	0	0	0	0	0	0	0	0	0	0	0	0	0	0	0	0	0	0	0
/input/pagecontent/security-and-privacy.md	4178	-	-	-	0	0	0	0	0	0	0	0	0	0	0	0	0	0	0	0	0	0	1	0	0	0	0	0	0
/input/pagecontent/logical-models.md	1012	-	-	-	0	0	0	0	0	0	0	0	0	0	0	0	0	0	0	0	0	0	0	0	0	0	0	0	0
/input/pagecontent/metadata.md	20136	-	-	-	0	0	0	0	0	0	0	0	0	0	0	0	0	0	0	0	0	0	1	0	0	0	0	0	0
/input/pagecontent/translationinfo.md	1215	-	-	-	0	0	0	0	0	0	0	0	0	0	0	0	0	0	0	0	0	0	0	0	0	0	0	0	0
/input/pagecontent/guidance.md	6185	-	-	-	0	0	0	0	0	0	0	0	0	0	0	0	0	0	0	0	0	0	0	0	0	0	0	0	0
/input/pagecontent/changes.md	14589	-	-	-	0	0	0	0	0	0	0	0	0	0	0	0	0	0	0	0	0	0	1	0	0	0	0	0	0
/input/pagecontent/capability-statements.md	1472	-	-	-	0	0	0	0	0	0	0	0	0	0	0	0	0	0	0	0	0	0	0	0	0	0	0	0	0
/input/pagecontent/uml-diagrams.md	515	-	-	-	0	0	0	0	0	0	0	0	0	0	0	0	0	0	0	0	0	0	0	0	0	0	0	0	0
/input/pagecontent/index.md	6363	-	-	-	0	0	0	0	0	0	0	0	0	0	0	0	0	0	0	0	0	0	1	0	0	0	0	0	0
/input/pagecontent/implementer-guidance.md	14361	-	-	-	0	0	0	0	0	0	0	0	0	0	0	0	0	0	0	0	0	0	1	0	0	0	0	0	0
/input/intro-notes	0	-	-	-	0	0	0	0	0	0	0	0	0	0	0	0	0	0	0	0	0	0	0	0	0	0	0	0	0
/input/intro-notes/StructureDefinition-mii-ex-mtb-antwort-kostenuebernahme-ablehnungsgrund-intro.md	522	-	-	-	0	0	0	0	0	0	0	0	0	0	0	0	0	0	0	0	0	0	0	0	0	0	0	0	0
/input/intro-notes/StructureDefinition-mii-pr-mtb-therapieplan-intro.md	7100	-	-	-	0	0	0	0	0	0	0	0	0	0	0	0	0	0	0	0	0	0	0	0	0	0	0	0	0
/input/intro-notes/StructureDefinition-mii-pr-mtb-tumorausbreitung-intro.md	3346	-	-	-	0	0	0	0	0	0	0	0	0	0	0	0	0	0	0	0	0	0	1	0	0	0	0	0	0
/input/intro-notes/StructureDefinition-mii-pr-mtb-mutationslast-intro.md	4040	-	-	-	0	0	0	0	0	0	0	0	0	0	0	0	0	0	0	0	0	0	0	0	0	0	0	0	0
/input/intro-notes/StructureDefinition-mii-pr-mtb-diagnose-primaertumor-intro.md	6146	-	-	-	0	0	0	0	0	0	0	0	0	0	0	0	0	0	0	0	0	0	1	0	0	0	0	0	0
/input/intro-notes/StructureDefinition-mii-pr-mtb-follow-up-clinicalimpression-intro.md	3814	-	-	-	0	0	0	0	0	0	0	0	0	0	0	0	0	0	0	0	0	0	0	0	0	0	0	0	0
/input/intro-notes/StructureDefinition-mii-pr-mtb-mikrosatelliteninstabilitaet-intro.md	4428	-	-	-	0	0	0	0	0	0	0	0	0	0	0	0	0	0	0	0	0	0	1	0	0	0	0	0	0
/input/intro-notes/StructureDefinition-mii-pr-mtb-biomarker-her2-status-intro.md	333	-	-	-	0	0	0	0	0	0	0	0	0	0	0	0	0	0	0	0	0	0	0	0	1	0	0	0	0
/input/intro-notes/StructureDefinition-mii-pr-mtb-diagnostische-implikation-intro.md	3617	-	-	-	0	0	0	0	0	0	0	0	0	0	0	0	0	0	0	0	0	0	0	0	0	0	0	0	0
/input/intro-notes/StructureDefinition-mii-ex-mtb-empfehlung-evidenzgraduierung-intro.md	929	-	-	-	0	0	0	0	0	0	0	0	0	0	0	0	0	0	0	0	0	0	0	0	0	0	0	0	0
/input/intro-notes/StructureDefinition-mii-pr-mtb-immunohistochemistry-phosphorylation-intro.md	4246	-	-	-	0	0	0	0	0	0	0	0	0	0	0	0	0	0	0	0	0	0	1	0	0	0	0	0	0
/input/intro-notes/StructureDefinition-mii-ex-mtb-empfehlung-publikation-intro.md	991	-	-	-	0	0	0	0	0	0	0	0	0	0	0	0	0	0	0	0	0	0	0	0	0	0	0	0	0
/input/intro-notes/StructureDefinition-mii-pr-mtb-histologie-evaluation-auftrag-intro.md	3115	-	-	-	0	0	0	0	0	0	0	0	0	0	0	0	0	0	0	0	0	0	1	0	0	0	0	0	0
/input/intro-notes/StructureDefinition-mii-pr-mtb-dna-fusion-intro.md	6721	-	-	-	0	0	0	0	0	0	0	0	0	0	0	0	0	0	0	0	0	0	0	0	0	0	0	0	0
/input/intro-notes/StructureDefinition-mii-pr-mtb-panel-devicedefinition-intro.md	1305	-	-	-	0	0	0	0	0	0	0	0	0	0	0	0	0	0	0	0	0	0	1	0	0	0	0	0	0
/input/intro-notes/StructureDefinition-mii-pr-mtb-tumorzellgehalt-intro.md	6456	-	-	-	0	0	0	0	0	0	0	0	0	0	0	0	0	0	0	0	0	0	0	0	0	0	0	0	0
/input/intro-notes/StructureDefinition-mii-ex-mtb-empfehlung-prioritaet-intro.md	906	-	-	-	0	0	0	0	0	0	0	0	0	0	0	0	0	0	0	0	0	0	0	0	0	0	0	0	0
/input/intro-notes/StructureDefinition-mii-pr-mtb-systemische-vortherapie-intro.md	7815	-	-	-	0	0	0	0	0	0	0	0	0	0	0	0	0	0	0	0	0	0	1	0	0	0	0	0	0
/input/intro-notes/StructureDefinition-mii-pr-mtb-ngs-bericht-intro.md	2689	-	-	-	0	0	0	0	0	0	0	0	0	0	0	0	0	0	0	0	0	0	0	0	0	0	0	0	0
/input/intro-notes/StructureDefinition-mii-pr-mtb-immunohistochemistry-intro.md	4216	-	-	-	0	0	0	0	0	0	0	0	0	0	0	0	0	0	0	0	0	0	1	0	0	0	0	0	0
/input/intro-notes/StructureDefinition-mii-pr-mtb-immunohistochemistry-pdl1-intro.md	3541	-	-	-	0	0	0	0	0	0	0	0	0	0	0	0	0	0	0	0	0	0	0	0	0	0	0	0	0
/input/intro-notes/StructureDefinition-mii-pr-mtb-copy-number-variant-intro.md	6164	-	-	-	0	0	0	0	0	0	0	0	0	0	0	0	0	0	0	0	0	0	1	0	0	0	0	0	0
/input/intro-notes/StructureDefinition-mii-pr-mtb-antwort-kostenuebernahme-intro.md	4025	-	-	-	0	0	0	0	0	0	0	0	0	0	0	0	0	0	0	0	0	0	0	0	0	0	0	0	0
/input/intro-notes/StructureDefinition-mii-pr-mtb-response-befund-intro.md	6061	-	-	-	0	0	0	0	0	0	0	0	0	0	0	0	0	0	0	0	0	0	1	0	0	0	0	0	0
/input/intro-notes/StructureDefinition-mii-pr-mtb-rna-seq-intro.md	6069	-	-	-	0	0	0	0	0	0	0	0	0	0	0	0	0	0	0	0	0	0	0	0	0	0	0	0	0
/input/intro-notes/StructureDefinition-mii-pr-mtb-studie-intro.md	7699	-	-	-	0	0	0	0	0	0	0	0	0	0	0	0	0	0	0	0	0	0	1	0	0	0	0	0	0
/input/intro-notes/StructureDefinition-mii-pr-mtb-therapieempfehlung-intro.md	6422	-	-	-	0	0	0	0	0	0	0	0	0	0	0	0	0	0	0	0	0	0	1	0	0	0	0	0	0
/input/intro-notes/StructureDefinition-mii-pr-mtb-msi-intro.md	315	-	-	-	0	0	0	0	0	0	0	0	0	0	0	0	0	0	0	0	0	0	0	0	0	0	0	0	0
/input/intro-notes/StructureDefinition-mii-pr-mtb-brcaness-intro.md	3376	-	-	-	0	0	0	0	0	0	0	0	0	0	0	0	0	0	0	0	0	0	0	0	0	0	0	0	0
/input/intro-notes/StructureDefinition-mii-pr-mtb-molekularer-biomarker-intro.md	1899	-	-	-	0	0	0	0	0	0	0	0	0	0	0	0	0	0	0	0	0	0	1	0	0	0	0	0	0
/input/intro-notes/StructureDefinition-mii-pr-mtb-hrd-score-intro.md	3695	-	-	-	0	0	0	0	0	0	0	0	0	0	0	0	0	0	0	0	0	0	0	0	0	0	0	0	0
/input/intro-notes/StructureDefinition-mii-pr-mtb-insituhybridization-her2-intro.md	333	-	-	-	0	0	0	0	0	0	0	0	0	0	0	0	0	0	0	0	0	0	1	0	0	0	0	0	0
/input/intro-notes/StructureDefinition-mii-pr-mtb-systemtherapie-medication-statement-intro.md	4192	-	-	-	0	0	0	0	0	0	0	0	0	0	0	0	0	0	0	0	0	0	0	0	0	0	0	0	0
/input/intro-notes/StructureDefinition-mii-ex-mtb-antwort-kostenuebernahme-entscheidung-intro.md	518	-	-	-	0	0	0	0	0	0	0	0	0	0	0	0	0	0	0	0	0	0	0	0	0	0	0	0	0
/input/intro-notes/StructureDefinition-mii-ex-mtb-antrag-kostenuebernahme-antragsstadium-intro.md	534	-	-	-	0	0	0	0	0	0	0	0	0	0	0	0	0	0	0	0	0	0	1	0	0	0	0	0	0
/input/intro-notes/StructureDefinition-mii-pr-mtb-einfache-variante-intro.md	5750	-	-	-	0	0	0	0	0	0	0	0	0	0	0	0	0	0	0	0	0	0	0	0	0	0	0	0	0
/input/intro-notes/StructureDefinition-mii-pr-mtb-genomic-study-analysis-intro.md	3628	-	-	-	0	0	0	0	0	0	0	0	0	0	0	0	0	0	0	0	0	0	1	0	0	0	0	0	0
/input/intro-notes/StructureDefinition-mii-pr-mtb-insituhybridization-intro.md	4242	-	-	-	0	0	0	0	0	0	0	0	0	0	0	0	0	0	0	0	0	0	0	0	0	0	0	0	0
/input/intro-notes/StructureDefinition-mii-pr-mtb-rna-fusion-intro.md	7303	-	-	-	0	0	0	0	0	0	0	0	0	0	0	0	0	0	0	0	0	0	1	0	0	0	0	0	0
/input/intro-notes/StructureDefinition-mii-pr-mtb-consent-given-intro.md	3003	-	-	-	0	0	0	0	0	0	0	0	0	0	0	0	0	0	0	0	0	0	0	0	0	0	0	0	0
/input/intro-notes/StructureDefinition-mii-pr-mtb-who-grad-tumor-zns-intro.md	3188	-	-	-	0	0	0	0	0	0	0	0	0	0	0	0	0	0	0	0	0	0	0	0	0	0	0	0	0
/input/intro-notes/StructureDefinition-mii-pr-mtb-behandlungsepisode-intro.md	4186	-	-	-	0	0	0	0	0	0	0	0	0	0	0	0	0	0	0	0	0	0	0	0	0	0	0	0	0
/input/intro-notes/StructureDefinition-mii-pr-mtb-ploidie-intro.md	2025	-	-	-	0	0	0	0	0	0	0	0	0	0	0	0	0	0	0	0	0	0	1	0	0	0	0	0	0
/input/intro-notes/StructureDefinition-mii-ex-mtb-leitlinienbehandlung-status-intro.md	769	-	-	-	0	0	0	0	0	0	0	0	0	0	0	0	0	0	0	0	0	0	0	0	0	0	0	0	0
/input/intro-notes/StructureDefinition-mii-pr-mtb-immunohistochemistry-mmr-intro.md	3155	-	-	-	0	0	0	0	0	0	0	0	0	0	0	0	0	0	0	0	0	0	0	0	0	0	0	0	0
/input/intro-notes/StructureDefinition-mii-pr-mtb-therapieempfehlung-kombination-intro.md	3758	-	-	-	0	0	0	0	0	0	0	0	0	0	0	0	0	0	0	0	0	0	0	0	0	0	0	0	0
/input/intro-notes/StructureDefinition-mii-pr-mtb-genomic-study-intro.md	3058	-	-	-	0	0	0	0	0	0	0	0	0	0	0	0	0	0	0	0	0	0	1	0	0	0	0	0	0
/input/intro-notes/StructureDefinition-mii-pr-mtb-therapeutische-implikation-intro.md	4306	-	-	-	0	0	0	0	0	0	0	0	0	0	0	0	0	0	0	0	0	0	0	0	0	0	0	0	0
/input/intro-notes/StructureDefinition-mii-pr-mtb-humangenetische-beratung-auftrag-intro.md	3310	-	-	-	0	0	0	0	0	0	0	0	0	0	0	0	0	0	0	0	0	0	1	0	0	0	0	0	0
/input/intro-notes/StructureDefinition-mii-pr-mtb-immunohistochemistry-her2-intro.md	2166	-	-	-	0	0	0	0	0	0	0	0	0	0	0	0	0	0	0	0	0	0	0	0	0	0	0	0	0
/input/intro-notes/StructureDefinition-mii-pr-mtb-oncotree-intro.md	3234	-	-	-	0	0	0	0	0	0	0	0	0	0	0	0	0	0	0	0	0	0	1	0	0	0	0	0	0
/input/intro-notes/StructureDefinition-mii-pr-mtb-studieneinschluss-anfrage-intro.md	4783	-	-	-	0	0	0	0	0	0	0	0	0	0	0	0	0	0	0	0	0	0	0	0	0	0	0	0	0
/input/intro-notes/StructureDefinition-genomic-study-device-intro.md	2190	-	-	-	0	0	0	0	0	0	0	0	0	0	0	0	0	0	0	0	0	0	0	0	0	0	0	0	0
/input/intro-notes/StructureDefinition-mii-pr-mtb-systemische-therapie-intro.md	6502	-	-	-	0	0	0	0	0	0	0	0	0	0	0	0	0	0	0	0	0	0	1	0	0	0	0	0	0
/input/intro-notes/StructureDefinition-mii-ex-mtb-leitlinie-dokumentation-intro.md	1034	-	-	-	0	0	0	0	0	0	0	0	0	0	0	0	0	0	0	0	0	0	0	0	0	0	0	0	0
/input/intro-notes/StructureDefinition-mii-pr-mtb-molecular-pathology-report-intro.md	1856	-	-	-	0	0	0	0	0	0	0	0	0	0	0	0	0	0	0	0	0	0	0	0	0	0	0	0	0
/input/intro-notes/StructureDefinition-mii-pr-mtb-biopsie-auftrag-intro.md	3355	-	-	-	0	0	0	0	0	0	0	0	0	0	0	0	0	0	0	0	0	0	1	0	0	0	0	0	0
/input/intro-notes/StructureDefinition-mii-pr-mtb-antrag-kostenuebernahme-intro.md	4725	-	-	-	0	0	0	0	0	0	0	0	0	0	0	0	0	0	0	0	0	0	0	0	0	0	0	0	0
/template/config	0	-	-	-	0	0	0	0	0	0	0	0	0	0	0	0	0	0	0	0	0	0	0	0	0	0	0	0	0
/template/config/_config.yml	140	-	-	-	0	0	0	0	0	0	0	0	0	0	0	0	0	0	0	0	0	0	0	0	0	0	0	0	0
/input/images	0	-	-	-	0	0	0	0	0	0	0	0	0	0	0	0	0	0	0	0	0	0	0	0	0	0	0	0	0
/input/images/MII-Kerndatensatz-Molekulares-Tumorboard-Beziehungen-und-Referenzen.svg	66847	-	-	-	0	0	0	0	0	0	0	0	0	0	0	0	0	0	0	0	0	0	1	0	0	0	0	0	0
/input/images/MII_MTB_LM_wo_cardinalities.svg	141327	-	-	-	0	0	0	0	0	0	0	0	0	0	0	0	0	0	0	0	0	0	0	0	0	0	0	0	0
/input/images/MII_MTB_Overview.svg	43763	-	-	-	0	0	0	0	0	0	0	0	0	0	0	0	0	0	0	0	0	0	0	0	0	0	0	0	0
/temp/pages/_includes/artifacts.xml	206087	-	-	-	-	-	-	-	-	-	-	-	-	-	-	-	-	-	-	-	-	-	6	0	0	0	0	0	0
